Flask-JWT-Router,https://github.com/joegasewicz/Flask-JWT-Router,0fb1e256c81409be6f08d8be12f07e5f58b4f914,tests/test_routing.py::TestRouting::test_jwt_route[jwt_router_client0-None-200],True,False,victim,True,False,d7a6d09cafc53380b628d41abd82afeb,4
Flask-JWT-Router,https://github.com/joegasewicz/Flask-JWT-Router,0fb1e256c81409be6f08d8be12f07e5f58b4f914,tests/test_routing.py::TestRouting::test_jwt_route[jwt_router_client1-None-401],True,False,NOD,False,,ee1696ad031ceddbad53c5934c330ef6,4
Flask-JWT-Router,https://github.com/joegasewicz/Flask-JWT-Router,0fb1e256c81409be6f08d8be12f07e5f58b4f914,tests/test_routing.py::TestRouting::test_jwt_route[jwt_router_client2-None-401],True,False,NOD,False,,6bf6a713b3dcadcaaff8fd6b6231439a,4
Flask-JWT-Router,https://github.com/joegasewicz/Flask-JWT-Router,0fb1e256c81409be6f08d8be12f07e5f58b4f914,tests/test_routing.py::TestRouting::test_jwt_route[jwt_router_client3-None-401],True,False,victim,True,True,9d791363d38e98f17c6197d983ba3bdd,4
JavPy,https://github.com/TheodoreKrypton/JavPy,61df53aafbfbd05ed1efa8c51a08d6e9252cb533,JavPy/tests/test_clients/test_telegram.py::test_new[params0],False,False,passed,False,False,f30cb34cdfc385a6c3cc09dc1103cdbf,1
JavPy,https://github.com/TheodoreKrypton/JavPy,61df53aafbfbd05ed1efa8c51a08d6e9252cb533,JavPy/tests/test_clients/test_webserver.py::test_newly_released[data0],False,False,passed,False,False,e611fd68b7cf9252f390e8153e3940b2,2
JavPy,https://github.com/TheodoreKrypton/JavPy,61df53aafbfbd05ed1efa8c51a08d6e9252cb533,JavPy/tests/test_clients/test_webserver.py::test_newly_released[data1],False,False,passed,False,False,77c5826a6ae307c7d97fe8c8a9beab7e,2
JavPy,https://github.com/TheodoreKrypton/JavPy,61df53aafbfbd05ed1efa8c51a08d6e9252cb533,JavPy/tests/test_clients/test_webserver.py::test_search_magnet_by_code[ABP-123],False,False,passed,False,False,c8bc1b5c884b6188f74679a6313a1c59,4
JavPy,https://github.com/TheodoreKrypton/JavPy,61df53aafbfbd05ed1efa8c51a08d6e9252cb533,JavPy/tests/test_clients/test_webserver.py::test_search_magnet_by_code[ABP-231],False,False,passed,False,False,164f8e0cabba6d550fd1131eec818ddc,4
Project_Name,Project_URL,Project_Hash,Test_id,Detected,Have_Patch,OD_Type,Polluter_or_Setter,Cleaner,md5sum,Maximum instances of parameters
Utter-More,https://github.com/crumpstrr33/Utter-More,418cf5f5ef337700bf0897e746eff8bb275e6da6,test/test_utter_more.py::test_saving_utterances[alexa_test-csv-None],True,False,brittle,True,,2464bd6d1431bfda3eb346382cc49210,28
Utter-More,https://github.com/crumpstrr33/Utter-More,418cf5f5ef337700bf0897e746eff8bb275e6da6,test/test_utter_more.py::test_saving_utterances[csv_test-csv-None],True,False,brittle,True,,b29dbc0c083f638c64be5ab0f86fa298,28
Utter-More,https://github.com/crumpstrr33/Utter-More,418cf5f5ef337700bf0897e746eff8bb275e6da6,test/test_utter_more.py::test_saving_utterances[file_override_test-txt-csv],True,False,brittle,True,,383848f4db41bfc4d2680c4ade4dad6a,28
Utter-More,https://github.com/crumpstrr33/Utter-More,418cf5f5ef337700bf0897e746eff8bb275e6da6,test/test_utter_more.py::test_saving_utterances[txt_test-txt-None],True,False,brittle,True,,716cc473d1521a10a7f3e8b395a7c978,28
asv,https://github.com/airspeed-velocity/asv,a131ca742daf53c4521fbfefeb53507b5c140c84,test/test_compare.py::test_compare_name_lookup[git],False,False,passed,False,False,80f298cfed60059f3e85369762a63cc2,2
asv,https://github.com/airspeed-velocity/asv,a131ca742daf53c4521fbfefeb53507b5c140c84,test/test_compare.py::test_compare_name_lookup[hg],False,False,passed,False,False,5d20cd176a2cf38d22e04792299787a7,2
asv,https://github.com/airspeed-velocity/asv,a131ca742daf53c4521fbfefeb53507b5c140c84,test/test_gh_pages.py::test_gh_pages[git-no-rewrite],False,False,passed,False,False,418e5123f21f64a3016293db4f927094,4
asv,https://github.com/airspeed-velocity/asv,a131ca742daf53c4521fbfefeb53507b5c140c84,test/test_gh_pages.py::test_gh_pages[git-rewrite],False,False,passed,False,False,43004879a77ce3a90ccc6085239cbaae,4
asv,https://github.com/airspeed-velocity/asv,a131ca742daf53c4521fbfefeb53507b5c140c84,test/test_gh_pages.py::test_gh_pages[hg-no-rewrite],False,False,passed,False,False,083a424de2869392b171bdbd3e17704a,4
asv,https://github.com/airspeed-velocity/asv,a131ca742daf53c4521fbfefeb53507b5c140c84,test/test_gh_pages.py::test_gh_pages[hg-rewrite],False,False,passed,False,False,bdec81c02ae48ad870cd9d05415f60d6,4
asv,https://github.com/airspeed-velocity/asv,a131ca742daf53c4521fbfefeb53507b5c140c84,test/test_publish.py::test_publish_range_spec[git],False,False,passed,False,False,c3a30076acbf9a81b77c6c154c916a6c,2
chuda,https://github.com/Varkal/chuda,bd4d30c0f809d5349752ab2f322f30b01ab6b4a4,tests/test_app.py::test_output[argv0],True,False,victim,True,False,f0f0bdb1c81393e5561610934b7c9a60,1
cloudnetpy,https://github.com/tukiains/cloudnetpy,26f2607b890630146469cfa410fce99438ceee3f,tests/unit/test_drizzle.py::test_append_data[Do],True,False,victim,True,False,6fcb85539181df431ba993441c0a849f,21
cloudnetpy,https://github.com/tukiains/cloudnetpy,26f2607b890630146469cfa410fce99438ceee3f,tests/unit/test_drizzle.py::test_append_data[Do_bias],True,False,victim,True,False,c3779db155dcfce3ee59a0058246e6b3,21
cloudnetpy,https://github.com/tukiains/cloudnetpy,26f2607b890630146469cfa410fce99438ceee3f,tests/unit/test_drizzle.py::test_append_data[Do_error],True,False,victim,True,False,58b1293af6fa8c655ad0d9ac8d8a1288,21
cloudnetpy,https://github.com/tukiains/cloudnetpy,26f2607b890630146469cfa410fce99438ceee3f,tests/unit/test_drizzle.py::test_append_data[S],True,False,victim,True,False,37bc102af6acc081af80d04661dd4e02,21
cloudnetpy,https://github.com/tukiains/cloudnetpy,26f2607b890630146469cfa410fce99438ceee3f,tests/unit/test_drizzle.py::test_append_data[S_error],True,False,victim,True,False,3fb683f67d7c8b27bfe4d84ab8215ed8,21
cloudnetpy,https://github.com/tukiains/cloudnetpy,26f2607b890630146469cfa410fce99438ceee3f,tests/unit/test_drizzle.py::test_append_data[beta_corr],True,False,victim,True,False,06ba743f0145f550f0230bd456188111,21
cloudnetpy,https://github.com/tukiains/cloudnetpy,26f2607b890630146469cfa410fce99438ceee3f,tests/unit/test_drizzle.py::test_append_data[drizzle_N],True,False,victim,True,False,44d0cbf88623a11ab6c4d4615c1ab5ac,21
cloudnetpy,https://github.com/tukiains/cloudnetpy,26f2607b890630146469cfa410fce99438ceee3f,tests/unit/test_drizzle.py::test_append_data[drizzle_N_bias],True,False,victim,True,False,2472bbf835e208834979c418f940ec59,21
cloudnetpy,https://github.com/tukiains/cloudnetpy,26f2607b890630146469cfa410fce99438ceee3f,tests/unit/test_drizzle.py::test_append_data[drizzle_N_error],True,False,victim,True,False,fc13473001e22748e5fd865efd189398,21
cloudnetpy,https://github.com/tukiains/cloudnetpy,26f2607b890630146469cfa410fce99438ceee3f,tests/unit/test_drizzle.py::test_append_data[drizzle_lwc],True,False,victim,True,False,83584369de2cf0ebd850e8f095330063,21
cloudnetpy,https://github.com/tukiains/cloudnetpy,26f2607b890630146469cfa410fce99438ceee3f,tests/unit/test_drizzle.py::test_append_data[drizzle_lwc_bias],True,False,victim,True,False,28fdb89cea02f6d3b5e69f686ab7147b,21
cloudnetpy,https://github.com/tukiains/cloudnetpy,26f2607b890630146469cfa410fce99438ceee3f,tests/unit/test_drizzle.py::test_append_data[drizzle_lwc_error],True,False,victim,True,False,4079d8ad031544b9253864817b632e00,21
cloudnetpy,https://github.com/tukiains/cloudnetpy,26f2607b890630146469cfa410fce99438ceee3f,tests/unit/test_drizzle.py::test_append_data[drizzle_lwf],True,False,victim,True,False,f9ad77655c3b6758a027ed071016e70b,21
cloudnetpy,https://github.com/tukiains/cloudnetpy,26f2607b890630146469cfa410fce99438ceee3f,tests/unit/test_drizzle.py::test_append_data[drizzle_lwf_bias],True,False,victim,True,False,2029d73261dc39b410c2bb96c2de4b93,21
cloudnetpy,https://github.com/tukiains/cloudnetpy,26f2607b890630146469cfa410fce99438ceee3f,tests/unit/test_drizzle.py::test_append_data[drizzle_lwf_error],True,False,victim,True,False,3b11fe8fa4a5fac299d20ab23a6d6bba,21
cloudnetpy,https://github.com/tukiains/cloudnetpy,26f2607b890630146469cfa410fce99438ceee3f,tests/unit/test_drizzle.py::test_append_data[mu],True,False,victim,True,False,377d2d1ff0744d9c6b32f4d809479373,21
cloudnetpy,https://github.com/tukiains/cloudnetpy,26f2607b890630146469cfa410fce99438ceee3f,tests/unit/test_drizzle.py::test_append_data[mu_error],True,False,victim,False,False,6af9102b33097f243860739c58013034,21
cloudnetpy,https://github.com/tukiains/cloudnetpy,26f2607b890630146469cfa410fce99438ceee3f,tests/unit/test_drizzle.py::test_append_data[v_air],True,False,victim,False,False,35b2db4f506fe5a783b5df0287a3596a,21
cloudnetpy,https://github.com/tukiains/cloudnetpy,26f2607b890630146469cfa410fce99438ceee3f,tests/unit/test_drizzle.py::test_append_data[v_drizzle],True,False,victim,False,False,048b82aafeb0bb679cb23a6e82d0bbd7,21
cloudnetpy,https://github.com/tukiains/cloudnetpy,26f2607b890630146469cfa410fce99438ceee3f,tests/unit/test_drizzle.py::test_append_data[v_drizzle_bias],True,False,victim,False,False,0e2614a14626770f6474010f40ef56a1,21
cloudnetpy,https://github.com/tukiains/cloudnetpy,26f2607b890630146469cfa410fce99438ceee3f,tests/unit/test_drizzle.py::test_append_data[v_drizzle_error],True,False,victim,False,False,9394613abfb41f03d4f461c7d3c62aa0,21
cloudnetpy,https://github.com/tukiains/cloudnetpy,26f2607b890630146469cfa410fce99438ceee3f,tests/unit/test_drizzle.py::test_calc_derived_products[drizzle_N],True,False,victim,False,False,3b55f0c20ec47d50a00b90bb6d38d1f6,5
cloudnetpy,https://github.com/tukiains/cloudnetpy,26f2607b890630146469cfa410fce99438ceee3f,tests/unit/test_drizzle.py::test_calc_derived_products[drizzle_lwc],True,False,victim,False,False,9d8bc36b972b6402b4db59a043c874d1,5
cloudnetpy,https://github.com/tukiains/cloudnetpy,26f2607b890630146469cfa410fce99438ceee3f,tests/unit/test_drizzle.py::test_calc_derived_products[drizzle_lwf],True,False,victim,False,False,e32eefe36649ce3a3bc8a2afbea58fec,5
cloudnetpy,https://github.com/tukiains/cloudnetpy,26f2607b890630146469cfa410fce99438ceee3f,tests/unit/test_drizzle.py::test_calc_derived_products[v_air],True,False,victim,False,False,abccad581a190174055ed208eeeb9dbf,5
cloudnetpy,https://github.com/tukiains/cloudnetpy,26f2607b890630146469cfa410fce99438ceee3f,tests/unit/test_drizzle.py::test_calc_derived_products[v_drizzle],True,False,victim,False,False,30ea520e47292cf689e35b4392f5d96c,5
cloudnetpy,https://github.com/tukiains/cloudnetpy,26f2607b890630146469cfa410fce99438ceee3f,tests/unit/test_drizzle.py::test_init_variables[Do],True,False,victim,False,False,d2b9690e956de21b6fb21f8bcd8f2911,4
cloudnetpy,https://github.com/tukiains/cloudnetpy,26f2607b890630146469cfa410fce99438ceee3f,tests/unit/test_drizzle.py::test_init_variables[S],True,False,victim,False,False,74173756daab24a5a3d77a8b82f5588e,4
cloudnetpy,https://github.com/tukiains/cloudnetpy,26f2607b890630146469cfa410fce99438ceee3f,tests/unit/test_drizzle.py::test_init_variables[beta_corr],True,False,victim,False,False,24d10d7e5653c42dba946da9f96233f5,4
cloudnetpy,https://github.com/tukiains/cloudnetpy,26f2607b890630146469cfa410fce99438ceee3f,tests/unit/test_drizzle.py::test_init_variables[mu],True,False,victim,False,False,1492c54fb5320f3b0d95efb453c3d9cd,4
cloudnetpy,https://github.com/tukiains/cloudnetpy,26f2607b890630146469cfa410fce99438ceee3f,tests/unit/test_drizzle.py::test_update_result_tables[Do-10],True,False,victim,False,False,0a7f801f331cbb4c0ee65b487e5df389,3
cloudnetpy,https://github.com/tukiains/cloudnetpy,26f2607b890630146469cfa410fce99438ceee3f,tests/unit/test_drizzle.py::test_update_result_tables[S-93.7247943],True,False,victim,False,False,65a9ff9e9f0ea732d2b1f981ceace955,3
cloudnetpy,https://github.com/tukiains/cloudnetpy,26f2607b890630146469cfa410fce99438ceee3f,tests/unit/test_drizzle.py::test_update_result_tables[mu--1],True,False,victim,False,False,139fdb1c680623f31cba28d974b2063e,3
cloudnetpy,https://github.com/tukiains/cloudnetpy,26f2607b890630146469cfa410fce99438ceee3f,tests/unit/test_lwc.py::test_init_status[0],True,False,victim,False,False,4b6b6ee5f8e5007d42f8bbbc199fdc34,2
cloudnetpy,https://github.com/tukiains/cloudnetpy,26f2607b890630146469cfa410fce99438ceee3f,tests/unit/test_lwc.py::test_update_status[0],True,True,victim,True,True,221bfebd9177c5fb50150c89fbc35dd3,3
cloudnetpy,https://github.com/tukiains/cloudnetpy,26f2607b890630146469cfa410fce99438ceee3f,tests/unit/test_lwc.py::test_update_status[1],True,True,victim,True,True,04a4b0fe9a03b40c63561ea5a7ef9575,3
compyle,https://github.com/pypr/compyle,f557e49c7e18a49efdb5807ac650ba590db81cb2,compyle/tests/test_array.py::test_sort_by_keys[cython],False,False,passed,False,False,8e35d92cba88929a9486b410888f2822,3
compyle,https://github.com/pypr/compyle,f557e49c7e18a49efdb5807ac650ba590db81cb2,compyle/tests/test_array.py::test_sort_by_keys_with_output[cython],False,False,passed,False,False,072c7693deb15aff36d73f179b2f02c3,3
dynamic-conf,https://github.com/jnoortheen/dynamic-conf,42257f06a66765ac4f5de1c6a4637f4db779c5ab,tests/test_conf.py::test_cofig_writing[.env-ARG1=VAL1\nARG2=VAL2],True,False,victim,True,False,04eafb9d58a6396183a4f1c57bb50415,2
dynamic-conf,https://github.com/jnoortheen/dynamic-conf,42257f06a66765ac4f5de1c6a4637f4db779c5ab,tests/test_conf.py::test_cofig_writing[env.py-ARG1,2
=,-1
'VAL1'\nARG2,-1
=,-1
'VAL2'],True,False,victim,False,False,03a257bdb0085a3d5c0ef5a4a4f0cfcb,-1
dynamic-conf,https://github.com/jnoortheen/dynamic-conf,42257f06a66765ac4f5de1c6a4637f4db779c5ab,tests/test_conf.py::test_cofig_writing_with_dump[.env-ARG1=VAL1\nARG3=3\nARG2=VAL2],True,False,victim,True,False,6f28919a18438d46553dbe64a1e6a491,2
dynamic-conf,https://github.com/jnoortheen/dynamic-conf,42257f06a66765ac4f5de1c6a4637f4db779c5ab,tests/test_conf.py::test_cofig_writing_with_dump[env.py-ARG1,2
=,-1
'VAL1'\nARG3,-1
=,-1
3\nARG2,-1
=,-1
'VAL2'],True,False,victim,False,False,47aa48b0077b9662cf6e964692087594,-1
dynamic-conf,https://github.com/jnoortheen/dynamic-conf,42257f06a66765ac4f5de1c6a4637f4db779c5ab,tests/test_conf.py::test_cofig_writing_with_filter_prefix[.env-ARG1=VAL1\nARG2=VAL2],True,False,victim,True,False,f8c7b85bb5df495ccc1c1fca0238d377,2
dynamic-conf,https://github.com/jnoortheen/dynamic-conf,42257f06a66765ac4f5de1c6a4637f4db779c5ab,tests/test_conf.py::test_cofig_writing_with_filter_prefix[env.py-ARG1,2
=,-1
'VAL1'\nARG2,-1
=,-1
'VAL2'],True,False,victim,False,False,975ce7104455be23891967a6c6587aac,-1
dynamic-conf,https://github.com/jnoortheen/dynamic-conf,42257f06a66765ac4f5de1c6a4637f4db779c5ab,tests/test_conf.py::test_config_reading[.env],True,False,victim,True,False,e1b5f8ac118abf592daa267a9917e68e,2
dynamic-conf,https://github.com/jnoortheen/dynamic-conf,42257f06a66765ac4f5de1c6a4637f4db779c5ab,tests/test_conf.py::test_config_reading[env.py],True,False,victim,True,False,05a6dee7171156b4c06fd25283e1a11b,2
easypy,https://github.com/weka-io/easypy,9501c3ee03dcb1630e58cbb73b1647056907bcea,tests/test_concurrency.py::test_concurrent_done_status[False],True,False,victim,False,False,9e7d688d2b546ba4046f2670e2035c69,2
easypy,https://github.com/weka-io/easypy,9501c3ee03dcb1630e58cbb73b1647056907bcea,tests/test_concurrency.py::test_concurrent_done_status[True],True,False,victim,False,False,106cc80e800a413e510dc24a92495dee,2
easypy,https://github.com/weka-io/easypy,9501c3ee03dcb1630e58cbb73b1647056907bcea,tests/test_concurrency.py::test_multiexception_api[concurrent],True,False,victim,False,False,8e93f36d85d837711d496fc3668309ca,2
easypy,https://github.com/weka-io/easypy,9501c3ee03dcb1630e58cbb73b1647056907bcea,tests/test_concurrency.py::test_multiexception_api[nonconcurrent],True,False,victim,False,False,0b67898716ff6959b9b02fb091594522,2
eppy,https://github.com/santoshphilip/eppy,98e58583dce6c0fcec9c7b1ff1142bae0a67ddc7,eppy/tests/test_case_insensitive.py::test_contains[BUILDING],True,False,victim,False,False,e2626bc4690f44c7a35808a1757b4353,4
eppy,https://github.com/santoshphilip/eppy,98e58583dce6c0fcec9c7b1ff1142bae0a67ddc7,eppy/tests/test_case_insensitive.py::test_contains[BuIlDiNg],True,False,victim,False,False,00c706c4b53f27ca94c6383791a17081,4
eppy,https://github.com/santoshphilip/eppy,98e58583dce6c0fcec9c7b1ff1142bae0a67ddc7,eppy/tests/test_case_insensitive.py::test_contains[Building],True,False,victim,False,False,d2f025aa2b02029da08edf104579dc97,4
eppy,https://github.com/santoshphilip/eppy,98e58583dce6c0fcec9c7b1ff1142bae0a67ddc7,eppy/tests/test_case_insensitive.py::test_contains[building],True,False,victim,False,False,3c1c8819b4e9f4c34a5b9b6e509ab071,4
eppy,https://github.com/santoshphilip/eppy,98e58583dce6c0fcec9c7b1ff1142bae0a67ddc7,eppy/tests/test_case_insensitive.py::test_del[BUILDING],True,False,victim,False,False,5a48a5ec2b8a94cd2070206b946737e2,4
eppy,https://github.com/santoshphilip/eppy,98e58583dce6c0fcec9c7b1ff1142bae0a67ddc7,eppy/tests/test_case_insensitive.py::test_del[BuIlDiNg],True,False,victim,False,False,a620f0f1aca3097db8e530bbea448287,4
eppy,https://github.com/santoshphilip/eppy,98e58583dce6c0fcec9c7b1ff1142bae0a67ddc7,eppy/tests/test_case_insensitive.py::test_del[Building],True,False,victim,False,False,b34e2f0a78f963c5a60046dd8d96cdee,4
eppy,https://github.com/santoshphilip/eppy,98e58583dce6c0fcec9c7b1ff1142bae0a67ddc7,eppy/tests/test_case_insensitive.py::test_del[building],True,False,victim,False,False,5e76c60c9028d64acfb961604ca5c0c8,4
eppy,https://github.com/santoshphilip/eppy,98e58583dce6c0fcec9c7b1ff1142bae0a67ddc7,eppy/tests/test_case_insensitive.py::test_get_and_set[BUILDING],True,False,victim,False,False,7d5a0cea496292cfc98040ffbb68878f,4
eppy,https://github.com/santoshphilip/eppy,98e58583dce6c0fcec9c7b1ff1142bae0a67ddc7,eppy/tests/test_case_insensitive.py::test_get_and_set[BuIlDiNg],True,False,victim,False,False,b134b9a635202d92b3af45663c197903,4
eppy,https://github.com/santoshphilip/eppy,98e58583dce6c0fcec9c7b1ff1142bae0a67ddc7,eppy/tests/test_case_insensitive.py::test_get_and_set[Building],True,False,victim,False,False,960d62cd90dc3ff4f10a090656588aad,4
eppy,https://github.com/santoshphilip/eppy,98e58583dce6c0fcec9c7b1ff1142bae0a67ddc7,eppy/tests/test_case_insensitive.py::test_get_and_set[building],True,False,victim,False,False,771bc87b08538d61684093d1186c2fed,4
ext_pylib,https://github.com/hbradleyiii/ext_pylib,15a9b5a80db87b5f20e03ef6bfa015acf4bf8543,"tests/files/test_node.py::test_node_repr[atts0-{'path',-1
:,-1
None,,-1
'perms',-1
:,-1
None,,-1
'owner',-1
:,-1
None,,-1
'group',-1
:,-1
None}]",True,False,victim,False,False,296cff3c8002f8cd4cf3b4d96a4ce63f,-1
ext_pylib,https://github.com/hbradleyiii/ext_pylib,15a9b5a80db87b5f20e03ef6bfa015acf4bf8543,"tests/files/test_node.py::test_node_repr[atts1-{'path',-1
:,-1
'/this/path/file',,-1
'perms',-1
:,-1
None,,-1
'owner',-1
:,-1
None,,-1
'group',-1
:,-1
None}]",True,False,victim,False,False,39b3b2fb2a0b7540466b23657d1367ef,-1
ext_pylib,https://github.com/hbradleyiii/ext_pylib,15a9b5a80db87b5f20e03ef6bfa015acf4bf8543,"tests/files/test_node.py::test_node_repr[atts2-{'path',-1
:,-1
'/etc/path/file',,-1
'perms',-1
:,-1
0o655,,-1
'owner',-1
:,-1
None,,-1
'group',-1
:,-1
None}]",True,False,victim,False,False,7945df1c39b80142a4af39c958f17290,-1
flask-smorest,https://github.com/marshmallow-code/flask-smorest,02e9e84def5ace80522c76b830fbef9930a28771,tests/test_pagination.py::TestPagination::test_pagination_max_page_size[app_fixture0-AppConfig-1000],True,False,victim,True,True,3e0de0fad82ae45acfc3bb14f9efa41e,-1
flask-smorest,https://github.com/marshmallow-code/flask-smorest,02e9e84def5ace80522c76b830fbef9930a28771,tests/test_pagination.py::TestPagination::test_pagination_max_page_size[app_fixture1-AppConfig-1000],True,False,victim,True,True,a7ede0d4a405c86fca86b140875c1504,-1
flask-smorest,https://github.com/marshmallow-code/flask-smorest,02e9e84def5ace80522c76b830fbef9930a28771,tests/test_pagination.py::TestPagination::test_pagination_max_page_size[app_fixture2-AppConfig-1000],True,False,victim,True,True,abbfba6160780dab0fe5f4cce84a63ed,-1
flask-smorest,https://github.com/marshmallow-code/flask-smorest,02e9e84def5ace80522c76b830fbef9930a28771,tests/test_pagination.py::TestPagination::test_pagination_max_page_size[app_fixture3-AppConfig-1000],True,False,victim,True,True,99b43b2b53ef562a13e6ac959bdb11d2,-1
flask-smorest,https://github.com/marshmallow-code/flask-smorest,02e9e84def5ace80522c76b830fbef9930a28771,tests/test_pagination.py::TestPagination::test_pagination_max_page_size[app_fixture4-AppConfig-1000],True,False,victim,True,True,cb4886e6aad315f35bf2256d9399d027,-1
flask-smorest,https://github.com/marshmallow-code/flask-smorest,02e9e84def5ace80522c76b830fbef9930a28771,tests/test_pagination.py::TestPagination::test_pagination_max_page_size[app_fixture5-AppConfig-1000],True,False,victim,True,True,1c2cd6a3f57d65c4cd5ffda5e7f3e471,-1
flask-smorest,https://github.com/marshmallow-code/flask-smorest,02e9e84def5ace80522c76b830fbef9930a28771,tests/test_pagination.py::TestPagination::test_pagination_max_page_size[app_fixture6-AppConfig-1000],True,False,victim,True,True,a42ab41a71c1928d44516c24f4d45526,-1
flask-smorest,https://github.com/marshmallow-code/flask-smorest,02e9e84def5ace80522c76b830fbef9930a28771,tests/test_pagination.py::TestPagination::test_pagination_max_page_size[app_fixture7-AppConfig-1000],True,False,victim,True,True,0b5b6d16f39bbda0efc6d900d0c6cad8,-1
flask-smorest,https://github.com/marshmallow-code/flask-smorest,02e9e84def5ace80522c76b830fbef9930a28771,tests/test_pagination.py::TestPagination::test_pagination_min_page_page_size[app_fixture0-AppConfig-1000],True,False,victim,True,True,93ec7a80279c1d860c338a29fd0ae020,-1
flask-smorest,https://github.com/marshmallow-code/flask-smorest,02e9e84def5ace80522c76b830fbef9930a28771,tests/test_pagination.py::TestPagination::test_pagination_min_page_page_size[app_fixture1-AppConfig-1000],True,False,victim,True,True,dcd5d4260ec82a8cd9fd31a0b2ba9c9e,-1
flask-smorest,https://github.com/marshmallow-code/flask-smorest,02e9e84def5ace80522c76b830fbef9930a28771,tests/test_pagination.py::TestPagination::test_pagination_min_page_page_size[app_fixture2-AppConfig-1000],True,False,victim,True,True,97b4962e0064d764f80ecb40112d6b52,-1
flask-smorest,https://github.com/marshmallow-code/flask-smorest,02e9e84def5ace80522c76b830fbef9930a28771,tests/test_pagination.py::TestPagination::test_pagination_min_page_page_size[app_fixture3-AppConfig-1000],True,False,victim,True,True,351530ccd59d8e77d961ff787796d9e9,-1
flask-smorest,https://github.com/marshmallow-code/flask-smorest,02e9e84def5ace80522c76b830fbef9930a28771,tests/test_pagination.py::TestPagination::test_pagination_min_page_page_size[app_fixture4-AppConfig-1000],True,False,victim,True,True,2e5b51d6b311f56f2e59e69527462467,-1
flask-smorest,https://github.com/marshmallow-code/flask-smorest,02e9e84def5ace80522c76b830fbef9930a28771,tests/test_pagination.py::TestPagination::test_pagination_min_page_page_size[app_fixture5-AppConfig-1000],True,False,victim,True,True,7db4dae0d89987a451e9e68aa798e53d,-1
flask-smorest,https://github.com/marshmallow-code/flask-smorest,02e9e84def5ace80522c76b830fbef9930a28771,tests/test_pagination.py::TestPagination::test_pagination_min_page_page_size[app_fixture6-AppConfig-1000],True,False,victim,True,True,9fbe9f1e59508ac8a2e8952659c544d2,-1
flask-smorest,https://github.com/marshmallow-code/flask-smorest,02e9e84def5ace80522c76b830fbef9930a28771,tests/test_pagination.py::TestPagination::test_pagination_min_page_page_size[app_fixture7-AppConfig-1000],True,False,victim,True,True,d217d1bdb01bb36a1db5d39e148eccf8,-1
freezegun,https://github.com/spulec/freezegun,b46da782a7a051081fd51577749cfc0074db0cc6,tests/test_errors.py::test_ignore_errors_in_start[ImportError],True,False,victim,False,False,fc28a75223867722a4aec01ca2cafea7,2
freezegun,https://github.com/spulec/freezegun,b46da782a7a051081fd51577749cfc0074db0cc6,tests/test_errors.py::test_ignore_errors_in_start[TypeError],True,False,victim,False,False,93c670145f6bf20ebb571e05858b37c9,2
grabbit,https://github.com/grabbles/grabbit,83ff93df36019eaaee9d4e31f816a518e46cae07,grabbit/tests/test_core.py::TestLayout::test_init_with_exclude_arg[local],True,False,NOD,False,,9266964c42df6c939c44c493f68bd0e0,2
grabbit,https://github.com/grabbles/grabbit,83ff93df36019eaaee9d4e31f816a518e46cae07,grabbit/tests/test_core.py::TestLayout::test_init_with_include_arg[local],True,False,NOD,False,,a0f1fdab55ec8e494c6cb3cbf1d31df8,2
grabbit,https://github.com/grabbles/grabbit,83ff93df36019eaaee9d4e31f816a518e46cae07,grabbit/tests/test_core.py::TestLayout::test_natsort[local],True,False,NOD,False,,d1d44c8383ebe779356c0a7eccc9e03e,2
grabbit,https://github.com/grabbles/grabbit,83ff93df36019eaaee9d4e31f816a518e46cae07,grabbit/tests/test_core.py::TestLayout::test_querying[local],True,False,NOD,False,,edadb8ae34cf4927cd690482afd4f22e,2
grabbit,https://github.com/grabbles/grabbit,83ff93df36019eaaee9d4e31f816a518e46cae07,grabbit/tests/test_core.py::TestLayout::test_unique_and_count[local],True,False,NOD,False,,0f86d500031cfbd16e0a3d8abe3c33c6,2
gramhopper,https://github.com/OrBin/gramhopper,9396533d10bb469c77985ad931033f400479809b,tests/responses/test_preset_responses.py::TestPresetResponsesWithParameterMatrices::test_preset_document_response[payload1],False,False,passed,False,False,32dc796f27396ce08f91a36e15f80f9a,3
gramhopper,https://github.com/OrBin/gramhopper,9396533d10bb469c77985ad931033f400479809b,tests/responses/test_preset_responses.py::TestPresetResponsesWithParameterMatrices::test_preset_document_response[payload2],False,False,passed,False,False,0a334bdcf34065cc2e0f2304d44e3ca5,3
gramhopper,https://github.com/OrBin/gramhopper,9396533d10bb469c77985ad931033f400479809b,tests/responses/test_preset_responses.py::TestPresetResponsesWithParameterMatrices::test_preset_message_response[one-None],False,False,passed,False,False,f1831a8e42eaa7817945395c60548fdd,6
gramhopper,https://github.com/OrBin/gramhopper,9396533d10bb469c77985ad931033f400479809b,tests/responses/test_preset_responses.py::TestPresetResponsesWithParameterMatrices::test_preset_message_response[one-payload2],False,False,passed,False,False,b860d84d30269693306c8691ec4763a1,6
gramhopper,https://github.com/OrBin/gramhopper,9396533d10bb469c77985ad931033f400479809b,tests/responses/test_preset_responses.py::TestPresetResponsesWithParameterMatrices::test_preset_message_response[preset_response1-None],False,False,passed,False,False,3250defba3693fa06b089d904355f825,6
gramhopper,https://github.com/OrBin/gramhopper,9396533d10bb469c77985ad931033f400479809b,tests/responses/test_preset_responses.py::TestPresetResponsesWithParameterMatrices::test_preset_message_response[preset_response1-payload2],False,False,passed,False,False,43ebdeb36c7c6c7016c0b123f923369a,6
gramhopper,https://github.com/OrBin/gramhopper,9396533d10bb469c77985ad931033f400479809b,tests/responses/test_preset_responses.py::TestPresetResponsesWithParameterMatrices::test_preset_reply_response[one-None],False,False,passed,False,False,4a075a3ae3a7dd13f70a08b1777b610c,6
gramhopper,https://github.com/OrBin/gramhopper,9396533d10bb469c77985ad931033f400479809b,tests/responses/test_preset_responses.py::TestPresetResponsesWithParameterMatrices::test_preset_reply_response[one-payload1],False,False,passed,False,False,518bbebf905391998ef11588330c5608,6
gwopensci,https://github.com/duncanmmacleod/gwopensci,06b56ce506fda3af4857c8a1aae7bb60fb1925e9,gwosc/tests/test_timeline.py::test_get_segments[H1_DATA-1126051217-1126151217-result0],False,False,passed,False,False,7eba99b1ba8cacdeed7188b4cd270b59,2
gwopensci,https://github.com/duncanmmacleod/gwopensci,06b56ce506fda3af4857c8a1aae7bb60fb1925e9,gwosc/tests/test_timeline.py::test_get_segments[L1_DATA-1126259446-1126259478-result1],False,False,passed,False,False,56616349dce7cff439315e84dd4cde31,2
libearth,https://github.com/earthreader/libearth,71d2f3246eb0b6a3668a64e2242616d20b1d7dcd,tests/parsing_test.py::test_parse[daumwebtoon.xml-daumwebtoon.out.xml],False,False,passed,False,False,480adef0d808d133353582fc7efeed0e,10
libearth,https://github.com/earthreader/libearth,71d2f3246eb0b6a3668a64e2242616d20b1d7dcd,tests/parsing_test.py::test_parse[imbcnews.xml-imbcnews.out.xml],False,False,passed,False,False,201c4d7d747496de02781b3a276f5294,10
libearth,https://github.com/earthreader/libearth,71d2f3246eb0b6a3668a64e2242616d20b1d7dcd,tests/parsing_test.py::test_parse[lee-seungjae.xml-lee-seungjae.out.xml],False,False,passed,False,False,f77a5d1847312ea67544fd797773b535,10
libearth,https://github.com/earthreader/libearth,71d2f3246eb0b6a3668a64e2242616d20b1d7dcd,tests/parsing_test.py::test_parse[msdn.xml-msdn.out.xml],False,False,passed,False,False,0bac0b5802ac932b558bc851ec5461c0,10
libearth,https://github.com/earthreader/libearth,71d2f3246eb0b6a3668a64e2242616d20b1d7dcd,tests/parsing_test.py::test_parse[naverblog-catmyo.xml-naverblog-catmyo.out.xml],False,False,passed,False,False,70612e58e48a036f7e56ea0b39b2d187,10
libearth,https://github.com/earthreader/libearth,71d2f3246eb0b6a3668a64e2242616d20b1d7dcd,tests/parsing_test.py::test_parse[yowayowacamera.xml-yowayowacamera.out.xml],False,False,passed,False,False,bf8eaee9a7ac15970c68725e70eeb8c7,10
licenraptor,https://github.com/starofrainnight/licenraptor,ed543a2b43b75d733579509a78161928ac29234c,tests/test_db.py::TestRegisterFind::test_exisitng[MIT],True,False,NOD,False,False,f2cf754e9a4d25aa18115d09cc57b5b8,2
mgun,https://github.com/maximdanilchenko/mgun,11540dd661afd2e8a18dd74ca0a5b416f671a4a1,tests/test_mgun.py::TestHttpRequests::test_post[first],False,False,passed,False,False,dcb6a68f943b40cc27038602abebe9f1,3
odinweb,https://github.com/python-odin/odinweb,198424133584acc18cb41c8d18d91f803abc810f,tests/test_containers.py::TestApiInterfaceBase::test_dispatch__exceptions[NotImplementedError-501],True,False,victim,True,False,1c873a79a60c8da8a1abdcd664054490,6
odinweb,https://github.com/python-odin/odinweb,198424133584acc18cb41c8d18d91f803abc810f,tests/test_containers.py::TestApiInterfaceBase::test_dispatch__exceptions[ValueError-500],True,False,victim,True,False,d213de48eebfb2926d50a8ed0170e74e,6
odinweb,https://github.com/python-odin/odinweb,198424133584acc18cb41c8d18d91f803abc810f,tests/test_containers.py::TestApiInterfaceBase::test_dispatch__exceptions[error0-HTTPStatus.NOT_MODIFIED],True,False,victim,True,False,60224bbee136661446927d39268a6084,6
odinweb,https://github.com/python-odin/odinweb,198424133584acc18cb41c8d18d91f803abc810f,tests/test_containers.py::TestApiInterfaceBase::test_dispatch__exceptions[error1-400],True,False,victim,True,False,7c9c5cf6da86ec958c64c4852e2e549d,6
odinweb,https://github.com/python-odin/odinweb,198424133584acc18cb41c8d18d91f803abc810f,tests/test_containers.py::TestApiInterfaceBase::test_dispatch__exceptions[error2-400],True,False,victim,True,False,c5890eaf9a58b55159ee4d466755c886,6
odinweb,https://github.com/python-odin/odinweb,198424133584acc18cb41c8d18d91f803abc810f,tests/test_containers.py::TestApiInterfaceBase::test_dispatch__exceptions[error5-500],True,False,victim,True,False,53445ea1b5c716c36c673d114caa1c49,6
odinweb,https://github.com/python-odin/odinweb,198424133584acc18cb41c8d18d91f803abc810f,tests/test_containers.py::TestApiInterfaceBase::test_dispatch__invalid_headers[r1-406-URI,3
not,-1
available,-1
in,-1
preferred,-1
format],True,False,victim,False,False,715b9e3b42bb491a3dbcc810d39f0b71,-1
odinweb,https://github.com/python-odin/odinweb,198424133584acc18cb41c8d18d91f803abc810f,tests/test_containers.py::TestApiInterfaceBase::test_dispatch__invalid_headers[r2-405-Specified,3
method,-1
is,-1
invalid,-1
for,-1
this,-1
resource],True,False,victim,False,False,e74270652a4bf8d95f53e51b6ac9879d,-1
plcx,https://github.com/Cognexa/plcx,2756c0ba78c4c9e572d95ba002708957bc55d4fa,plcx/tests/comm/test_client.py::test_clientx[123],True,False,victim,True,False,c3d66f56acdabe6f6598fa05c116fd8b,12
plcx,https://github.com/Cognexa/plcx,2756c0ba78c4c9e572d95ba002708957bc55d4fa,plcx/tests/comm/test_client.py::test_clientx[1],True,False,victim,True,False,46389344adb9242c85a9bec2252003c4,12
plcx,https://github.com/Cognexa/plcx,2756c0ba78c4c9e572d95ba002708957bc55d4fa,plcx/tests/comm/test_client.py::test_clientx[hola],True,False,victim,True,False,41f605c3a3573cfd3f34410d87863f54,12
plcx,https://github.com/Cognexa/plcx,2756c0ba78c4c9e572d95ba002708957bc55d4fa,plcx/tests/comm/test_client.py::test_clientx_context[111],True,False,victim,True,False,44ae3e2a0b3cc1fca9843394b7bcbd26,12
plcx,https://github.com/Cognexa/plcx,2756c0ba78c4c9e572d95ba002708957bc55d4fa,plcx/tests/comm/test_client.py::test_clientx_context[321],True,False,victim,True,False,38de13b5ee104e09ac6120670e89a726,12
plcx,https://github.com/Cognexa/plcx,2756c0ba78c4c9e572d95ba002708957bc55d4fa,plcx/tests/comm/test_client.py::test_clientx_context[hi],True,False,victim,True,False,52c2004bb0784b0b5cce09fe092f9c74,12
plcx,https://github.com/efe/zula,6328eb9c0e18debaaa769b7ac0d05a4a472f4746,plcx/tests/comm/test_server.py::test_serverx_error[not_arg_handler-TypeError],True,True,victim,True,True,6dceabf0f4fadbf0e6bfca29f1576730,18
plcx,https://github.com/efe/zula,6328eb9c0e18debaaa769b7ac0d05a4a472f4746,plcx/tests/comm/test_server.py::test_serverx_error[raise_handler-AttributeError],True,True,victim,True,True,b65b5081c70be2ce1555746303d5a99d,18
pydu,https://github.com/Prodesire/pydu,4a1c2f15f7274d5079fb08b02ab1dbe08c0cefef,tests/test_misc.py::TestSuperLen::test_file[rb-0],False,False,passed,False,False,4a23a909ca2a5a495fc9065acd60fd46,2
pyeventdispatcher,https://github.com/whisller/pyeventdispatcher,5382e5e8578dea89a76481e15d410d516999055a,test/test_pyeventdispatcher.py::TestRegister::test_it_allows_to_register[<lambda>],True,False,victim,False,False,1b7caafde8465c208badbb89a12ef93b,2
pyeventdispatcher,https://github.com/whisller/pyeventdispatcher,5382e5e8578dea89a76481e15d410d516999055a,test/test_pyeventdispatcher.py::TestRegister::test_it_allows_to_register[call_on_event],True,False,victim,False,False,3e975ea85429c1f5c397b4494ffafc35,2
pyeventdispatcher,https://github.com/whisller/pyeventdispatcher,5382e5e8578dea89a76481e15d410d516999055a,test/test_pyeventdispatcher.py::TestRegister::test_listeners_executed_in_order[to_register0-First\nSecond\n],True,False,victim,False,False,1be88cd9498f52d694fee1b663f81ce4,2
pyeventdispatcher,https://github.com/whisller/pyeventdispatcher,5382e5e8578dea89a76481e15d410d516999055a,test/test_pyeventdispatcher.py::TestRegister::test_listeners_executed_in_order[to_register1-Second\nFirst\n],True,False,victim,False,False,de9345801cfd79c8133ea8855cc1cd39,2
pyswarms,https://github.com/ljvmiranda921/pyswarms,08756526f39699eef28e515cac2ead17cef55710,tests/optimizers/test_tolerance.py::TestToleranceOptions::test_ftol_effect[GeneralOptimizerPSO],True,True,victim,True,True,c68bcbf01d4594501003917cf823354a,3
pyswarms,https://github.com/ljvmiranda921/pyswarms,08756526f39699eef28e515cac2ead17cef55710,tests/optimizers/test_tolerance.py::TestToleranceOptions::test_ftol_effect[GlobalBestPSO],True,True,victim,True,True,dc0ae6aa3d2b27cf1dae85fc241da66a,3
pyswarms,https://github.com/ljvmiranda921/pyswarms,08756526f39699eef28e515cac2ead17cef55710,tests/optimizers/test_tolerance.py::TestToleranceOptions::test_ftol_effect[LocalBestPSO],True,True,victim,True,True,e77f628fc58fb81bb19581326d1eb62f,3
pyswarms,https://github.com/ljvmiranda921/pyswarms,08756526f39699eef28e515cac2ead17cef55710,tests/optimizers/test_tolerance.py::TestToleranceOptions::test_no_ftol[GeneralOptimizerPSO],True,True,victim,True,True,4b1ea74b4be678a517cf7d22e7692f24,3
pyswarms,https://github.com/ljvmiranda921/pyswarms,08756526f39699eef28e515cac2ead17cef55710,tests/optimizers/test_tolerance.py::TestToleranceOptions::test_no_ftol[GlobalBestPSO],True,True,victim,True,True,49d6bbb4323b5663cc92ed177a34c250,3
pyswarms,https://github.com/ljvmiranda921/pyswarms,08756526f39699eef28e515cac2ead17cef55710,tests/optimizers/test_tolerance.py::TestToleranceOptions::test_no_ftol[LocalBestPSO],True,True,victim,True,True,3a92d8e9e74baeafe7c6eb3601b770c2,3
pytest-subtests,https://github.com/pytest-dev/pytest-subtests,96fc692a151f0709bf8ee209f8ce5d37b035f076,tests/test_subtests.py::TestSubTest::test_simple_terminal_verbose[unittest],False,False,passed,False,False,e5b7c68c8eb19538630d75a4ff4cffca,150
python-ansel,https://github.com/haney/python-ansel,afb2b28d8595beeb1f87e355b611f01e13b8e664,tests/test_incremental.py::test_decode_invalid_raising_error_handler[+],True,False,brittle,True,,2a4d846c6e63e983dc28af73548163d3,1
python-dugong,https://github.com/python-dugong/python-dugong,00dd4d5aab6eddb116cace2829a9f93bda153664,test/test_dugong.py::test_smallbuffer[plain-103],False,False,failed,False,False,aaab05fb199280c597d8c559fdd7e6e8,40
python-httpproblem,https://github.com/cbornet/python-httpproblem,0b08139277e9cba02339eeb0996c0910d047274a,tests/test_problem.py::test_problem_http_response[1000-test_title-test_detail-test_type-test_instance-headers0-kwargs0-expected_body0-expected_headers0],True,False,victim,True,False,e345e2726285d52632a05d859249e0ac,4
python-httpproblem,https://github.com/cbornet/python-httpproblem,0b08139277e9cba02339eeb0996c0910d047274a,tests/test_problem.py::test_problem_http_response[None-None-None-None-None-None-kwargs1-expected_body1-expected_headers1],True,False,victim,True,False,57c7fb4b921721049b73ea721983bfff,4
python-httpproblem,https://github.com/cbornet/python-httpproblem,0b08139277e9cba02339eeb0996c0910d047274a,tests/test_problem.py::test_problem_http_response[None-None-None-None-None-headers2-kwargs2-expected_body2-expected_headers2],True,False,victim,True,False,da6aac8def01ae907903e0d6fb3a6515,4
python-httpproblem,https://github.com/cbornet/python-httpproblem,0b08139277e9cba02339eeb0996c0910d047274a,tests/test_problem.py::test_problem_http_response[None-None-None-None-None-headers3-kwargs3-expected_body3-expected_headers3],True,False,victim,True,False,4ba629c7d5e3d37035fabd9e2a62671b,4
python-protobix,https://github.com/jbfavre/python-protobix,96b7095a9c2485c9e1bdba098b7d82b93f91acb1,tests/test_memory_leak.py::test_long_run_for_memory_leak[items-2],False,False,passed,False,False,d74ef4f5c9d5080f4d5a4e9267cd55aa,-1
pyvesync_v2,https://github.com/webdjoe/pyvesync_v2,a5677b0599912fbc6dcc6604b0342e1edec92de1,src/tests/test_vesync_login.py::test_login[sam@mail.com-pass-correct],False,False,passed,False,False,4d8826d1fd4b1416dca1bd3907759cb6,5
qer,https://github.com/sputt/qer,c77e6777967ee660447beb9522c867a7233ef78d,tests/repos/test_pypi.py::test_python_requires_wheel_tags[https://pypi.org/numpy-1.16.3-cp37-cp37m-manylinux1_x86_64.whl#sha256=HASH],True,False,victim,False,False,1ef80ffd8afc56cba7c8e2a0545b0f92,3
qer,https://github.com/sputt/qer,c77e6777967ee660447beb9522c867a7233ef78d,tests/repos/test_pypi.py::test_python_requires_wheel_tags[https://pypi.org/numpy-1.16.3-cp37-cp37m-win_amd64.whl#sha256=HASH],True,False,victim,False,False,9245acb8842e260221edb1a55d4039e9,3
qer,https://github.com/sputt/qer,c77e6777967ee660447beb9522c867a7233ef78d,tests/repos/test_pypi.py::test_python_requires_wheel_tags[https://pypi.org/numpy-1.16.3.zip#sha256=HASH],True,False,victim,False,False,929125485308063c1dc631ad5e083212,3
qer,https://github.com/sputt/qer,c77e6777967ee660447beb9522c867a7233ef78d,tests/test_extractor.py::test_extractor[mock_targz],True,False,victim,False,False,6f2a9be03ee7c471235e6b43e7d93132,3
qer,https://github.com/sputt/qer,c77e6777967ee660447beb9522c867a7233ef78d,tests/test_extractor.py::test_extractor[mock_zip0],True,False,victim,False,False,8bbc864d857e4140ad1a43376ce69c39,3
qer,https://github.com/sputt/qer,c77e6777967ee660447beb9522c867a7233ef78d,tests/test_extractor.py::test_extractor[mock_zip1],True,False,victim,False,False,68ca23249ca0de9c4279295e5e00aa0b,3
qer,https://github.com/sputt/qer,c77e6777967ee660447beb9522c867a7233ef78d,tests/test_metadata.py::test_source_dist[file-iter-7.2.0-file-iter-7.2.0-None-mock_zip],False,False,passed,False,False,b362973a040214643ba92aa0a38959ca,114
rarfile,https://github.com/markokr/rarfile,65810aceeb872ed61ec14cb615ed12feefbbb89e,test/test_extract.py::test_readonly[test/files/rar5-readonly-win.rar],False,False,failed,False,False,aa33add88288f34a94c31316fac3442c,4
rarfile,https://github.com/markokr/rarfile,65810aceeb872ed61ec14cb615ed12feefbbb89e,test/test_extract.py::test_symlink[test/files/rar3-symlink-unix.rar],False,False,passed,False,False,161646eeb27e8ffb76bf5c885e867def,2
reframe,https://github.com/eth-cscs/reframe,576eb3f1dcc015d1e6d7a10602c748d4f810da68,unittests/test_policies.py::test_dependencies[AsynchronousExecutionPolicy],True,False,NOD,False,,1cf263a3645a7fbe8a5407bc217ce640,2
reframe,https://github.com/eth-cscs/reframe,576eb3f1dcc015d1e6d7a10602c748d4f810da68,unittests/test_policies.py::test_dependencies[SerialExecutionPolicy],True,False,brittle,True,,a0d5f91003c80ed7007618030db32521,2
reframe,https://github.com/eth-cscs/reframe,576eb3f1dcc015d1e6d7a10602c748d4f810da68,unittests/test_policies.py::test_dependencies_with_retries[AsynchronousExecutionPolicy],True,False,NOD,False,,6b0c6c31e879b9d42fc9dd464fed744c,2
reframe,https://github.com/eth-cscs/reframe,576eb3f1dcc015d1e6d7a10602c748d4f810da68,unittests/test_policies.py::test_dependencies_with_retries[SerialExecutionPolicy],True,False,brittle,True,,080921bade4afb0d16560e101cfc8307,2
reframe,https://github.com/eth-cscs/reframe,576eb3f1dcc015d1e6d7a10602c748d4f810da68,unittests/test_policies.py::test_kbd_interrupt_within_test[AsynchronousExecutionPolicy],False,False,passed,False,False,a36cafdbc3fd3fa7ca41227cd756e907,2
reframe,https://github.com/eth-cscs/reframe,576eb3f1dcc015d1e6d7a10602c748d4f810da68,unittests/test_policies.py::test_kbd_interrupt_within_test[SerialExecutionPolicy],False,False,passed,False,False,f81fd643e1bc9f781bfe626a894a1225,2
reframe,https://github.com/eth-cscs/reframe,576eb3f1dcc015d1e6d7a10602c748d4f810da68,unittests/test_policies.py::test_pass_in_retries[AsynchronousExecutionPolicy],True,False,NOD,False,,dbdd0484447bed3a335efb48e7e3e099,2
reframe,https://github.com/eth-cscs/reframe,576eb3f1dcc015d1e6d7a10602c748d4f810da68,unittests/test_policies.py::test_pass_in_retries[SerialExecutionPolicy],True,False,NOD,False,,1a4a0686ad7c84b9199aa479ca81ec65,2
reframe,https://github.com/eth-cscs/reframe,576eb3f1dcc015d1e6d7a10602c748d4f810da68,unittests/test_policies.py::test_retries_bad_check[AsynchronousExecutionPolicy],True,False,NOD,False,,f6ad41a3d059233d7e9f42945621ddb2,2
reframe,https://github.com/eth-cscs/reframe,576eb3f1dcc015d1e6d7a10602c748d4f810da68,unittests/test_policies.py::test_retries_bad_check[SerialExecutionPolicy],True,False,NOD,False,,fde5233d59d60f00f2bee2cf77eaddf3,2
reframe,https://github.com/eth-cscs/reframe,576eb3f1dcc015d1e6d7a10602c748d4f810da68,unittests/test_policies.py::test_retries_good_check[SerialExecutionPolicy],False,False,passed,False,False,233bc2fb0b8aba512f71880ae244d5bd,2
reframe,https://github.com/eth-cscs/reframe,576eb3f1dcc015d1e6d7a10602c748d4f810da68,unittests/test_policies.py::test_runall[AsynchronousExecutionPolicy],True,False,NOD,False,,0c4530b6a0eb9f8008b991ff42ff28e9,2
reframe,https://github.com/eth-cscs/reframe,576eb3f1dcc015d1e6d7a10602c748d4f810da68,unittests/test_policies.py::test_runall[SerialExecutionPolicy],True,False,NOD,False,,aed1695024ddf56be2f69c151439cbe3,2
reframe,https://github.com/eth-cscs/reframe,576eb3f1dcc015d1e6d7a10602c748d4f810da68,unittests/test_policies.py::test_runall_skip_performance_check[AsynchronousExecutionPolicy],True,False,NOD,False,,48776842b4859cf0447a1a1352254875,2
reframe,https://github.com/eth-cscs/reframe,576eb3f1dcc015d1e6d7a10602c748d4f810da68,unittests/test_policies.py::test_runall_skip_performance_check[SerialExecutionPolicy],True,False,NOD,False,,031459065a69869d68f63e2497680e78,2
reframe,https://github.com/eth-cscs/reframe,576eb3f1dcc015d1e6d7a10602c748d4f810da68,unittests/test_policies.py::test_runall_skip_prgenv_check[AsynchronousExecutionPolicy],True,False,NOD,False,,cdf2aa545157ba7346375c44f1759389,2
reframe,https://github.com/eth-cscs/reframe,576eb3f1dcc015d1e6d7a10602c748d4f810da68,unittests/test_policies.py::test_runall_skip_prgenv_check[SerialExecutionPolicy],True,False,NOD,False,,5ac4dd3be274d908203eb8c0b1dd1aeb,2
reframe,https://github.com/eth-cscs/reframe,576eb3f1dcc015d1e6d7a10602c748d4f810da68,unittests/test_policies.py::test_runall_skip_sanity_check[AsynchronousExecutionPolicy],True,False,NOD,False,,9075116efc3174ca021f2211d80ea145,2
reframe,https://github.com/eth-cscs/reframe,576eb3f1dcc015d1e6d7a10602c748d4f810da68,unittests/test_policies.py::test_runall_skip_sanity_check[SerialExecutionPolicy],True,False,NOD,False,,0feb7abd3063e19eb79f2f2d3ca75cbe,2
reframe,https://github.com/eth-cscs/reframe,576eb3f1dcc015d1e6d7a10602c748d4f810da68,unittests/test_policies.py::test_runall_skip_system_check[AsynchronousExecutionPolicy],True,False,NOD,False,,3239fc265050e1b53714432f7872c33b,2
reframe,https://github.com/eth-cscs/reframe,576eb3f1dcc015d1e6d7a10602c748d4f810da68,unittests/test_policies.py::test_runall_skip_system_check[SerialExecutionPolicy],True,False,NOD,False,,e68d91a41f443cc0689bee276bc9e277,2
reframe,https://github.com/eth-cscs/reframe,576eb3f1dcc015d1e6d7a10602c748d4f810da68,unittests/test_policies.py::test_sigterm_handling[AsynchronousExecutionPolicy],True,False,NOD,False,,55b553d72e03a4acaf6b9be90949a4aa,2
reframe,https://github.com/eth-cscs/reframe,576eb3f1dcc015d1e6d7a10602c748d4f810da68,unittests/test_policies.py::test_sigterm_handling[SerialExecutionPolicy],False,False,passed,False,False,f655dba286e45e710fed60c5cc3b3650,2
reframe,https://github.com/eth-cscs/reframe,576eb3f1dcc015d1e6d7a10602c748d4f810da68,unittests/test_policies.py::test_strict_performance_check[AsynchronousExecutionPolicy],True,False,NOD,False,,6601ea0efec9003e4cde82609c040fc6,2
reframe,https://github.com/eth-cscs/reframe,576eb3f1dcc015d1e6d7a10602c748d4f810da68,unittests/test_policies.py::test_strict_performance_check[SerialExecutionPolicy],True,False,NOD,False,,92203d6babc29486cb83c321e42b2132,2
reframe,https://github.com/eth-cscs/reframe,576eb3f1dcc015d1e6d7a10602c748d4f810da68,unittests/test_schedulers.py::test_cancel[local],True,False,brittle,True,,2f7c4247c1aa69bfd23a7e5dcf73c32a,5
reframe,https://github.com/eth-cscs/reframe,576eb3f1dcc015d1e6d7a10602c748d4f810da68,unittests/test_schedulers.py::test_cancel_before_submit[local],True,False,brittle,True,,a09d825ffa28da5090a391d732995430,5
reframe,https://github.com/eth-cscs/reframe,576eb3f1dcc015d1e6d7a10602c748d4f810da68,unittests/test_schedulers.py::test_cancel_before_submit[pbs],True,False,brittle,True,,f5a0f28c1a7d02c36b81aa16e18917bc,5
reframe,https://github.com/eth-cscs/reframe,576eb3f1dcc015d1e6d7a10602c748d4f810da68,unittests/test_schedulers.py::test_cancel_before_submit[slurm],True,False,brittle,True,,63d660563cf46acfaae88d346f5ba2b8,5
reframe,https://github.com/eth-cscs/reframe,576eb3f1dcc015d1e6d7a10602c748d4f810da68,unittests/test_schedulers.py::test_cancel_before_submit[squeue],True,False,brittle,True,,9184c471ddac18ff32bd20be975f5a60,5
reframe,https://github.com/eth-cscs/reframe,576eb3f1dcc015d1e6d7a10602c748d4f810da68,unittests/test_schedulers.py::test_cancel_before_submit[torque],True,False,brittle,True,,1a44853f4e57b5d90d3027a7ffc83012,5
reframe,https://github.com/eth-cscs/reframe,576eb3f1dcc015d1e6d7a10602c748d4f810da68,unittests/test_schedulers.py::test_cancel_term_ignore[local],True,False,brittle,True,,cf86d88ee26c3ac9f8257a8513e33234,5
reframe,https://github.com/eth-cscs/reframe,576eb3f1dcc015d1e6d7a10602c748d4f810da68,unittests/test_schedulers.py::test_cancel_with_grace[local],True,False,brittle,True,,1667a0f4e68b44bdb93a8d175c0c62b8,5
reframe,https://github.com/eth-cscs/reframe,576eb3f1dcc015d1e6d7a10602c748d4f810da68,unittests/test_schedulers.py::test_combined_access_constraint[slurm],True,False,brittle,True,,f8f6ae5f61c04961f034df7017a9ddb2,5
reframe,https://github.com/eth-cscs/reframe,576eb3f1dcc015d1e6d7a10602c748d4f810da68,unittests/test_schedulers.py::test_combined_access_constraint[squeue],True,False,brittle,True,,32ef126112e23da7217e1410571c5c6c,5
reframe,https://github.com/eth-cscs/reframe,576eb3f1dcc015d1e6d7a10602c748d4f810da68,unittests/test_schedulers.py::test_combined_access_multiple_constraints[slurm],True,False,brittle,True,,23f4fcfd26e0f170aeffc8839fda7dfd,5
reframe,https://github.com/eth-cscs/reframe,576eb3f1dcc015d1e6d7a10602c748d4f810da68,unittests/test_schedulers.py::test_combined_access_multiple_constraints[squeue],False,False,failed,False,False,62d426fb847464274e6af3bf7367f116,5
reframe,https://github.com/eth-cscs/reframe,576eb3f1dcc015d1e6d7a10602c748d4f810da68,unittests/test_schedulers.py::test_combined_access_verbatim_constraint[slurm],True,False,brittle,True,,fea7f20a2f2c92a858544a9d5bf81053,5
reframe,https://github.com/eth-cscs/reframe,576eb3f1dcc015d1e6d7a10602c748d4f810da68,unittests/test_schedulers.py::test_combined_access_verbatim_constraint[squeue],False,False,failed,False,False,6b80857e566f75edc904b74493958d37,5
reframe,https://github.com/eth-cscs/reframe,576eb3f1dcc015d1e6d7a10602c748d4f810da68,unittests/test_schedulers.py::test_guess_num_tasks[local],False,False,failed,False,False,8c1731e5bb33d9eefa07effb7a0fbda4,5
reframe,https://github.com/eth-cscs/reframe,576eb3f1dcc015d1e6d7a10602c748d4f810da68,unittests/test_schedulers.py::test_guess_num_tasks[pbs],False,False,failed,False,False,93c15c051666c5820f73efc3eb8dd765,5
reframe,https://github.com/eth-cscs/reframe,576eb3f1dcc015d1e6d7a10602c748d4f810da68,unittests/test_schedulers.py::test_guess_num_tasks[slurm],True,False,brittle,True,,f8268b5d961c36aba40698fc2ff2d714,5
reframe,https://github.com/eth-cscs/reframe,576eb3f1dcc015d1e6d7a10602c748d4f810da68,unittests/test_schedulers.py::test_guess_num_tasks[squeue],True,False,brittle,True,,b038f73e789861bad2ab535c9eeeef35,5
reframe,https://github.com/eth-cscs/reframe,576eb3f1dcc015d1e6d7a10602c748d4f810da68,unittests/test_schedulers.py::test_guess_num_tasks[torque],True,False,brittle,True,,7c073798c26daf9877299d63e882a87f,5
reframe,https://github.com/eth-cscs/reframe,576eb3f1dcc015d1e6d7a10602c748d4f810da68,unittests/test_schedulers.py::test_no_empty_lines_in_preamble[pbs],True,False,brittle,True,,50520085dcbfd02d4810881ee3c4c5b1,5
reframe,https://github.com/eth-cscs/reframe,576eb3f1dcc015d1e6d7a10602c748d4f810da68,unittests/test_schedulers.py::test_no_empty_lines_in_preamble[slurm],True,False,brittle,True,,8256e1f464abbc3b782b19076380e586,5
reframe,https://github.com/eth-cscs/reframe,576eb3f1dcc015d1e6d7a10602c748d4f810da68,unittests/test_schedulers.py::test_no_empty_lines_in_preamble[squeue],True,False,brittle,True,,78df7cc6ceec5d7fca57033b9d7076b1,5
reframe,https://github.com/eth-cscs/reframe,576eb3f1dcc015d1e6d7a10602c748d4f810da68,unittests/test_schedulers.py::test_no_empty_lines_in_preamble[torque],True,False,brittle,True,,f3e2aca0cd6e6a361532df85b8708293,5
reframe,https://github.com/eth-cscs/reframe,576eb3f1dcc015d1e6d7a10602c748d4f810da68,unittests/test_schedulers.py::test_poll[local],False,False,failed,False,False,e5d17a62301a3e00507b98c6b6b6ca78,5
reframe,https://github.com/eth-cscs/reframe,576eb3f1dcc015d1e6d7a10602c748d4f810da68,unittests/test_schedulers.py::test_poll_before_submit[local],True,False,brittle,True,,6660c1cd73d6b3b40f1de39bb4e10fbb,5
reframe,https://github.com/eth-cscs/reframe,576eb3f1dcc015d1e6d7a10602c748d4f810da68,unittests/test_schedulers.py::test_poll_before_submit[pbs],True,False,brittle,True,,b03f91d17a3411f62223c6cfde3a9f61,5
reframe,https://github.com/eth-cscs/reframe,576eb3f1dcc015d1e6d7a10602c748d4f810da68,unittests/test_schedulers.py::test_poll_before_submit[slurm],True,False,brittle,True,,41a827f8a4c5b14aa750408b1c45e1e4,5
reframe,https://github.com/eth-cscs/reframe,576eb3f1dcc015d1e6d7a10602c748d4f810da68,unittests/test_schedulers.py::test_poll_before_submit[squeue],True,False,brittle,True,,078512784af5b0be195f1865a4086a6f,5
reframe,https://github.com/eth-cscs/reframe,576eb3f1dcc015d1e6d7a10602c748d4f810da68,unittests/test_schedulers.py::test_poll_before_submit[torque],True,False,brittle,True,,5eba4187d9e4c4bcde2a1308e3bbb4e9,5
reframe,https://github.com/eth-cscs/reframe,576eb3f1dcc015d1e6d7a10602c748d4f810da68,unittests/test_schedulers.py::test_prepare[local],True,False,brittle,True,,f82c03b73551cbfa9f3bce965e2cb772,5
reframe,https://github.com/eth-cscs/reframe,576eb3f1dcc015d1e6d7a10602c748d4f810da68,unittests/test_schedulers.py::test_prepare[pbs],True,False,brittle,True,,44395be1bcd104364dc5126f6dbd6ae7,5
reframe,https://github.com/eth-cscs/reframe,576eb3f1dcc015d1e6d7a10602c748d4f810da68,unittests/test_schedulers.py::test_prepare[slurm],True,False,brittle,True,,1a98885bbeb86b86b2afba2a9fcc5c5b,5
reframe,https://github.com/eth-cscs/reframe,576eb3f1dcc015d1e6d7a10602c748d4f810da68,unittests/test_schedulers.py::test_prepare[squeue],True,False,brittle,True,,3b260260ba840a2cc7d35e969ae18f4e,5
reframe,https://github.com/eth-cscs/reframe,576eb3f1dcc015d1e6d7a10602c748d4f810da68,unittests/test_schedulers.py::test_prepare[torque],True,False,brittle,True,,54cc44db50780cac418e01d9b11bddb0,5
reframe,https://github.com/eth-cscs/reframe,576eb3f1dcc015d1e6d7a10602c748d4f810da68,unittests/test_schedulers.py::test_prepare_no_exclusive[slurm],True,False,brittle,True,,fcf6c8e7acb6499a1ae2c617c515fdc8,5
reframe,https://github.com/eth-cscs/reframe,576eb3f1dcc015d1e6d7a10602c748d4f810da68,unittests/test_schedulers.py::test_prepare_no_exclusive[squeue],True,False,brittle,True,,f1bb178bb6095736ce464509596d6d79,5
reframe,https://github.com/eth-cscs/reframe,576eb3f1dcc015d1e6d7a10602c748d4f810da68,unittests/test_schedulers.py::test_prepare_no_smt[slurm],False,False,failed,False,False,e73673b3635ff044e8f242d434265c5d,5
reframe,https://github.com/eth-cscs/reframe,576eb3f1dcc015d1e6d7a10602c748d4f810da68,unittests/test_schedulers.py::test_prepare_no_smt[squeue],True,False,brittle,True,,c7b3d126800359b83e5c3a2004ff7742,5
reframe,https://github.com/eth-cscs/reframe,576eb3f1dcc015d1e6d7a10602c748d4f810da68,unittests/test_schedulers.py::test_prepare_with_smt[slurm],True,False,brittle,True,,890cf2b43010575a1fa6748f0b0abf4a,5
reframe,https://github.com/eth-cscs/reframe,576eb3f1dcc015d1e6d7a10602c748d4f810da68,unittests/test_schedulers.py::test_prepare_with_smt[squeue],True,False,brittle,True,,d7735e634b789ea7a1feca76674e93c0,5
reframe,https://github.com/eth-cscs/reframe,576eb3f1dcc015d1e6d7a10602c748d4f810da68,unittests/test_schedulers.py::test_prepare_without_smt[slurm],False,False,failed,False,False,ea010359034219bcff3226e2a6c988cf,5
reframe,https://github.com/eth-cscs/reframe,576eb3f1dcc015d1e6d7a10602c748d4f810da68,unittests/test_schedulers.py::test_prepare_without_smt[squeue],True,False,brittle,True,,d4425bbc3cb7f4c6ff6fc57b1806a146,5
reframe,https://github.com/eth-cscs/reframe,576eb3f1dcc015d1e6d7a10602c748d4f810da68,unittests/test_schedulers.py::test_submit[local],True,False,brittle,True,,8e0dc54ce8a8c34fb1e66f44ffed0194,5
reframe,https://github.com/eth-cscs/reframe,576eb3f1dcc015d1e6d7a10602c748d4f810da68,unittests/test_schedulers.py::test_submit_timelimit[local],True,False,brittle,True,,a39029ebfbd90daf52b1df4ce27f37d5,5
reframe,https://github.com/eth-cscs/reframe,576eb3f1dcc015d1e6d7a10602c748d4f810da68,unittests/test_schedulers.py::test_wait_before_submit[local],True,False,brittle,True,,ee389485aac12be0942294ee66822c3f,5
reframe,https://github.com/eth-cscs/reframe,576eb3f1dcc015d1e6d7a10602c748d4f810da68,unittests/test_schedulers.py::test_wait_before_submit[pbs],True,False,brittle,True,,0cac6d20536dace7b5fdf9a5da3063e5,5
reframe,https://github.com/eth-cscs/reframe,576eb3f1dcc015d1e6d7a10602c748d4f810da68,unittests/test_schedulers.py::test_wait_before_submit[slurm],True,False,brittle,True,,973d0ad7f792adac8300f7ce8cb3b79b,5
reframe,https://github.com/eth-cscs/reframe,576eb3f1dcc015d1e6d7a10602c748d4f810da68,unittests/test_schedulers.py::test_wait_before_submit[squeue],True,False,brittle,True,,e0242808963ea1c9e7c9b379f58d411e,5
reframe,https://github.com/eth-cscs/reframe,576eb3f1dcc015d1e6d7a10602c748d4f810da68,unittests/test_schedulers.py::test_wait_before_submit[torque],True,False,brittle,True,,7dea5c5083b9e1e434cadba853217067,5
region_cache,https://github.com/Teamworksapp/region_cache,8b2ae3ce4bb348c23a84d5fec546609e80579b94,tests/test_region_cache.py::test_cached[app1],False,False,failed,False,False,5300b29437b021a51ed391fd5bed71a6,5
region_cache,https://github.com/Teamworksapp/region_cache,8b2ae3ce4bb348c23a84d5fec546609e80579b94,tests/test_region_cache.py::test_cached[app3],False,False,failed,False,False,a155bdb81e8eecf7bc4bf600c32bef47,5
region_cache,https://github.com/Teamworksapp/region_cache,8b2ae3ce4bb348c23a84d5fec546609e80579b94,tests/test_region_cache.py::test_cached[app4],False,False,failed,False,False,08f0ed711b08480742d37ce19a26b90d,5
region_cache,https://github.com/Teamworksapp/region_cache,8b2ae3ce4bb348c23a84d5fec546609e80579b94,tests/test_region_cache.py::test_children[app3],False,False,failed,False,False,7ddd5f9f06cc4e50eb85044705e2fc2c,5
region_cache,https://github.com/Teamworksapp/region_cache,8b2ae3ce4bb348c23a84d5fec546609e80579b94,tests/test_region_cache.py::test_children[app4],False,False,failed,False,False,049df0a783e85dca6f8b226eb462d96b,5
region_cache,https://github.com/Teamworksapp/region_cache,8b2ae3ce4bb348c23a84d5fec546609e80579b94,tests/test_region_cache.py::test_get_or_compute[app0],False,False,failed,False,False,fef83c8daa596d169b6d5dc62045dec8,5
region_cache,https://github.com/Teamworksapp/region_cache,8b2ae3ce4bb348c23a84d5fec546609e80579b94,tests/test_region_cache.py::test_get_or_compute[app1],False,False,failed,False,False,c7255e8fb4eff8c5d5d72cab00b51144,5
region_cache,https://github.com/Teamworksapp/region_cache,8b2ae3ce4bb348c23a84d5fec546609e80579b94,tests/test_region_cache.py::test_get_or_compute[app2],False,False,failed,False,False,371cc9cd62aabaabd6418af924127ec1,5
region_cache,https://github.com/Teamworksapp/region_cache,8b2ae3ce4bb348c23a84d5fec546609e80579b94,tests/test_region_cache.py::test_get_or_compute[app4],False,False,failed,False,False,6b853b90da03325e41a3018fe2b420e5,5
region_cache,https://github.com/Teamworksapp/region_cache,8b2ae3ce4bb348c23a84d5fec546609e80579b94,tests/test_region_cache.py::test_init_app[app2],False,False,failed,False,False,482498722d463a9cbed6df25314d6176,5
region_cache,https://github.com/Teamworksapp/region_cache,8b2ae3ce4bb348c23a84d5fec546609e80579b94,tests/test_region_cache.py::test_init_app[app3],False,False,failed,False,False,b6f69d32d09a84f122e1456f0a9fbfc0,5
region_cache,https://github.com/Teamworksapp/region_cache,8b2ae3ce4bb348c23a84d5fec546609e80579b94,tests/test_region_cache.py::test_invalidate[app0],False,False,failed,False,False,9e0d3b200df4d96c98e01c594ed93269,5
region_cache,https://github.com/Teamworksapp/region_cache,8b2ae3ce4bb348c23a84d5fec546609e80579b94,tests/test_region_cache.py::test_invalidate[app2],False,False,failed,False,False,e08a67cea91236ce9675086d88540dcc,5
region_cache,https://github.com/Teamworksapp/region_cache,8b2ae3ce4bb348c23a84d5fec546609e80579b94,tests/test_region_cache.py::test_invalidate[app3],False,False,failed,False,False,a2b5958e2b7d4180dc5d46bd69353b03,5
region_cache,https://github.com/Teamworksapp/region_cache,8b2ae3ce4bb348c23a84d5fec546609e80579b94,tests/test_region_cache.py::test_invalidate[app4],False,False,failed,False,False,9d181d506b44c37ead8559ec231538aa,5
region_cache,https://github.com/Teamworksapp/region_cache,8b2ae3ce4bb348c23a84d5fec546609e80579b94,tests/test_region_cache.py::test_invalidate_connections[app2],False,False,failed,False,False,4f185ecc3236d8c8f3c11f56524015a7,5
region_cache,https://github.com/Teamworksapp/region_cache,8b2ae3ce4bb348c23a84d5fec546609e80579b94,tests/test_region_cache.py::test_invalidate_connections[app3],False,False,failed,False,False,3fe25d2e0acb7806c0ec89f8a3fe934e,5
region_cache,https://github.com/Teamworksapp/region_cache,8b2ae3ce4bb348c23a84d5fec546609e80579b94,tests/test_region_cache.py::test_invalidate_on[app1],False,False,failed,False,False,12a8cc8b607b666cbd02e853f02562c1,5
region_cache,https://github.com/Teamworksapp/region_cache,8b2ae3ce4bb348c23a84d5fec546609e80579b94,tests/test_region_cache.py::test_invalidate_on[app2],False,False,failed,False,False,e63144314087d99cf456704971113020,5
region_cache,https://github.com/Teamworksapp/region_cache,8b2ae3ce4bb348c23a84d5fec546609e80579b94,tests/test_region_cache.py::test_invalidate_on[app3],False,False,failed,False,False,1b68128bf6883100764bbad8ec16d050,5
region_cache,https://github.com/Teamworksapp/region_cache,8b2ae3ce4bb348c23a84d5fec546609e80579b94,tests/test_region_cache.py::test_invalidate_region[app0],False,False,failed,False,False,af8180927749a4e9d4e43e6156cea39d,5
region_cache,https://github.com/Teamworksapp/region_cache,8b2ae3ce4bb348c23a84d5fec546609e80579b94,tests/test_region_cache.py::test_items[app3],False,False,failed,False,False,706919d9f079940979c771332ad80561,5
region_cache,https://github.com/Teamworksapp/region_cache,8b2ae3ce4bb348c23a84d5fec546609e80579b94,tests/test_region_cache.py::test_items[app4],False,False,failed,False,False,546b178e38a415e154aefd2c9cb2414d,5
region_cache,https://github.com/Teamworksapp/region_cache,8b2ae3ce4bb348c23a84d5fec546609e80579b94,tests/test_region_cache.py::test_iter[app0],False,False,failed,False,False,6ba88c21e98b4f1da088bed8f2658a91,5
region_cache,https://github.com/Teamworksapp/region_cache,8b2ae3ce4bb348c23a84d5fec546609e80579b94,tests/test_region_cache.py::test_iter[app1],False,False,failed,False,False,cb46891985cc370c006b51f78eebf337,5
region_cache,https://github.com/Teamworksapp/region_cache,8b2ae3ce4bb348c23a84d5fec546609e80579b94,tests/test_region_cache.py::test_iter[app4],False,False,failed,False,False,6b423001f0b66bf092b8c882668b8885,5
region_cache,https://github.com/Teamworksapp/region_cache,8b2ae3ce4bb348c23a84d5fec546609e80579b94,tests/test_region_cache.py::test_reconnect_backoff[app1],False,False,failed,False,False,fe84d6927664b98dfbfa2ceeed924098,5
region_cache,https://github.com/Teamworksapp/region_cache,8b2ae3ce4bb348c23a84d5fec546609e80579b94,tests/test_region_cache.py::test_reconnect_backoff[app2],False,False,failed,False,False,eb9abde0631847a7388920cf7db2f24b,5
region_cache,https://github.com/Teamworksapp/region_cache,8b2ae3ce4bb348c23a84d5fec546609e80579b94,tests/test_region_cache.py::test_reconnect_backoff[app4],False,False,failed,False,False,d0f7970d32025d7b8075fa035ef7a9d1,5
region_cache,https://github.com/Teamworksapp/region_cache,8b2ae3ce4bb348c23a84d5fec546609e80579b94,tests/test_region_cache.py::test_region_context_manager[app0],False,False,failed,False,False,af1359c764d8bcb10c41ebaec782c007,5
region_cache,https://github.com/Teamworksapp/region_cache,8b2ae3ce4bb348c23a84d5fec546609e80579b94,tests/test_region_cache.py::test_region_context_manager[app4],False,False,failed,False,False,c0f8d07b4c1b5aa2e7da49d1488f9dc4,5
region_cache,https://github.com/Teamworksapp/region_cache,8b2ae3ce4bb348c23a84d5fec546609e80579b94,tests/test_region_cache.py::test_subregions[app0],False,False,failed,False,False,3cc24aefa19f75beb6e14001e26a266b,5
region_cache,https://github.com/Teamworksapp/region_cache,8b2ae3ce4bb348c23a84d5fec546609e80579b94,tests/test_region_cache.py::test_subregions[app2],False,False,failed,False,False,47e855908859fd0c63b320f6cc63a0ca,5
region_cache,https://github.com/Teamworksapp/region_cache,8b2ae3ce4bb348c23a84d5fec546609e80579b94,tests/test_region_cache.py::test_subregions[app3],False,False,failed,False,False,cf21a9fc8079d9af27aac2a2f7c1a924,5
region_cache,https://github.com/Teamworksapp/region_cache,8b2ae3ce4bb348c23a84d5fec546609e80579b94,tests/test_region_cache.py::test_subregions[app4],False,False,failed,False,False,77a5010079fd3ea00a0b5deaf6c19656,5
region_cache,https://github.com/Teamworksapp/region_cache,8b2ae3ce4bb348c23a84d5fec546609e80579b94,tests/test_region_cache.py::test_timeout_with_context[app0],False,False,failed,False,False,b0240d6754f8132c9070236dc0694faf,5
region_cache,https://github.com/Teamworksapp/region_cache,8b2ae3ce4bb348c23a84d5fec546609e80579b94,tests/test_region_cache.py::test_timeout_with_context[app2],False,False,failed,False,False,1e3fa132b6b87c8ff2e7ad429d972580,5
req-compile,https://github.com/sputt/req-compile,c77e6777967ee660447beb9522c867a7233ef78d,tests/repos/test_pypi.py::test_python_requires_wheel_tags[https://pypi.org/numpy-1.16.3-cp37-cp37m-manylinux1_x86_64.whl#sha256=HASH],True,False,victim,False,False,6e8351f929db7f606f9db81dfc46b2c3,3
req-compile,https://github.com/sputt/req-compile,c77e6777967ee660447beb9522c867a7233ef78d,tests/repos/test_pypi.py::test_python_requires_wheel_tags[https://pypi.org/numpy-1.16.3-cp37-cp37m-win_amd64.whl#sha256=HASH],True,False,victim,False,False,6d4d2e20ff8046781aaed4c0061d0e9e,3
req-compile,https://github.com/sputt/req-compile,c77e6777967ee660447beb9522c867a7233ef78d,tests/repos/test_pypi.py::test_python_requires_wheel_tags[https://pypi.org/numpy-1.16.3.zip#sha256=HASH],True,False,victim,False,False,e383c1e2679e8d679696fcb8536dc230,3
req-compile,https://github.com/sputt/req-compile,c77e6777967ee660447beb9522c867a7233ef78d,tests/test_extractor.py::test_extractor[mock_targz],True,False,victim,False,False,4a674b31abdfb6afe2fca1627b1c7480,3
req-compile,https://github.com/sputt/req-compile,c77e6777967ee660447beb9522c867a7233ef78d,tests/test_extractor.py::test_extractor[mock_zip0],True,False,victim,False,False,8172ca7bf33b591076c2d85114368814,3
req-compile,https://github.com/sputt/req-compile,c77e6777967ee660447beb9522c867a7233ef78d,tests/test_extractor.py::test_extractor[mock_zip1],True,False,victim,False,False,26287dafde9728a721a76aa7a2afa1b0,3
saga,https://github.com/saga-vcs/saga,7beaae8831696ce813aa85620387e416719198db,tests/test_excel.py::test_merge[tests/merges/xlsx/change_rows],True,False,victim,True,False,e6cdc41e09322094121c6163077aa8b1,7
saga,https://github.com/saga-vcs/saga,7beaae8831696ce813aa85620387e416719198db,tests/test_excel.py::test_merge[tests/merges/xlsx/existing_file],True,False,victim,True,False,9d655493b7eb77782460b1fc5f3d3fe6,7
saga,https://github.com/saga-vcs/saga,7beaae8831696ce813aa85620387e416719198db,tests/test_excel.py::test_merge[tests/merges/xlsx/new_row_init_empty],True,False,victim,True,False,aa674fcc50b0b0e3d12ba5cbae9221e8,7
saga,https://github.com/saga-vcs/saga,7beaae8831696ce813aa85620387e416719198db,tests/test_excel.py::test_merge[tests/merges/xlsx/new_string],True,False,victim,True,False,96baa74eb31cf4c6c8da4ffecb2ff70f,7
saga,https://github.com/saga-vcs/saga,7beaae8831696ce813aa85620387e416719198db,tests/test_excel.py::test_merge[tests/merges/xlsx/shift],True,False,victim,True,False,c4c59a989e806cdf01bfb1d139cf3f7e,7
saga,https://github.com/saga-vcs/saga,7beaae8831696ce813aa85620387e416719198db,tests/test_excel.py::test_merge[tests/merges/xlsx/single_element],True,False,victim,True,False,33e92a9d5828f4070582032873586e4e,7
saga,https://github.com/saga-vcs/saga,7beaae8831696ce813aa85620387e416719198db,tests/test_excel.py::test_merge[tests/merges/xlsx/string_and_number],True,False,victim,True,False,81837e8b28f716f85b1ccede21a699cf,7
saga,https://github.com/saga-vcs/saga,7beaae8831696ce813aa85620387e416719198db,tests/test_text.py::test_merge[tests/merges/txt/add_in_both],True,False,victim,True,False,599781dd3ca3d33013240b9383371400,5
saga,https://github.com/saga-vcs/saga,7beaae8831696ce813aa85620387e416719198db,tests/test_text.py::test_merge[tests/merges/txt/add_in_middle],True,False,victim,True,False,9e00d146415385f684443601964f07ef,5
saga,https://github.com/saga-vcs/saga,7beaae8831696ce813aa85620387e416719198db,tests/test_text.py::test_merge[tests/merges/txt/add_line],True,False,victim,True,False,bcc8863f0be1d66cd0b987235a7b08b4,5
saga,https://github.com/saga-vcs/saga,7beaae8831696ce813aa85620387e416719198db,tests/test_text.py::test_merge[tests/merges/txt/remove_in_both],True,False,victim,True,False,fc098f0061a9ba76d273e687ef4f2efb,5
saga,https://github.com/saga-vcs/saga,7beaae8831696ce813aa85620387e416719198db,tests/test_text.py::test_merge[tests/merges/txt/remove_line],True,False,victim,True,False,2f69ce80b3b0e7a2a7b768b9c2719837,5
sanic-envconfig,https://github.com/jamesstidard/sanic-envconfig,c68e09def2ce04c7ab91e443680ff64dc2ef61e1,tests/test_envconfig.py::test_env_override[ATTRIBUTE_FLOAT-float-3.14-3.14],False,False,failed,False,False,0f6385692766d43c046a7da08897a277,4
sanic-envconfig,https://github.com/jamesstidard/sanic-envconfig,c68e09def2ce04c7ab91e443680ff64dc2ef61e1,tests/test_envconfig.py::test_env_override[ATTRIBUTE_INT-int-12345-12345],False,False,failed,False,False,60def1325019598e7155854b306561f4,4
supertunnel,https://github.com/alexrudy/supertunnel,4c64e2fedda3382b809a2c3d01c711ec4961f933,supertunnel/ssh/continuous_test.py::test_ssh_log_line[Entering,3
interactive,-1
session-Action.CONNECTED],True,False,brittle,False,False,4c0c4b745bb4d3d141236459eb18619d,-1
supertunnel,https://github.com/alexrudy/supertunnel,4c64e2fedda3382b809a2c3d01c711ec4961f933,supertunnel/ssh/continuous_test.py::test_ssh_log_line[Host,3
example.com,-1
not,-1
responding-Action.DISCONNECTED],True,False,brittle,False,False,fc879663f4679b169259c8cb969bb990,-1
supertunnel,https://github.com/alexrudy/supertunnel,4c64e2fedda3382b809a2c3d01c711ec4961f933,supertunnel/ssh/continuous_test.py::test_ssh_log_line[debug1:,3
Reading,-1
configuration-Action.CONTINUE],True,False,brittle,False,False,0ebd9459b3695a0721f143658ab2f5fb,-1
todo-sync,https://github.com/tmurph/todo-sync,32915e9a1509aa2c4083613e256cb0d502c441aa,tests/test_org_to_asana.py::test_o2a_behind_make_fn[a_node0-expected_node0],True,True,brittle,True,,dd0f6e049eda82bc4a6598e848eb7d28,11
todo-sync,https://github.com/tmurph/todo-sync,32915e9a1509aa2c4083613e256cb0d502c441aa,tests/test_org_to_asana.py::test_o2a_behind_make_fn[a_node1-expected_node1],True,True,brittle,True,,6f4c3d7e6a2fe36dbf68ac5fdcb4b55c,11
todo-sync,https://github.com/tmurph/todo-sync,32915e9a1509aa2c4083613e256cb0d502c441aa,tests/test_org_to_asana.py::test_o2a_behind_make_fn[a_node10-expected_node10],True,True,brittle,True,,dc66ff7ea0528e13c7477f005abf7c39,11
todo-sync,https://github.com/tmurph/todo-sync,32915e9a1509aa2c4083613e256cb0d502c441aa,tests/test_org_to_asana.py::test_o2a_behind_make_fn[a_node2-expected_node2],True,True,brittle,True,,e8c9c8eea7a52c390870e2b9bc0ce720,11
todo-sync,https://github.com/tmurph/todo-sync,32915e9a1509aa2c4083613e256cb0d502c441aa,tests/test_org_to_asana.py::test_o2a_behind_make_fn[a_node3-expected_node3],True,True,brittle,True,,f45a4a6d4d408ece61c8e38030d95a86,11
todo-sync,https://github.com/tmurph/todo-sync,32915e9a1509aa2c4083613e256cb0d502c441aa,tests/test_org_to_asana.py::test_o2a_behind_make_fn[a_node4-expected_node4],True,True,brittle,True,,bd6b6aeca4bac9893e78d9e68ecef1ff,11
todo-sync,https://github.com/tmurph/todo-sync,32915e9a1509aa2c4083613e256cb0d502c441aa,tests/test_org_to_asana.py::test_o2a_behind_make_fn[a_node5-expected_node5],True,True,brittle,True,,e8a1c3231bbae47134c784dc075055a0,11
todo-sync,https://github.com/tmurph/todo-sync,32915e9a1509aa2c4083613e256cb0d502c441aa,tests/test_org_to_asana.py::test_o2a_behind_make_fn[a_node6-expected_node6],True,True,brittle,True,,f4e28cffba1878d87ddd0666f70fda79,11
todo-sync,https://github.com/tmurph/todo-sync,32915e9a1509aa2c4083613e256cb0d502c441aa,tests/test_org_to_asana.py::test_o2a_behind_make_fn[a_node7-expected_node7],True,True,brittle,True,,cb9eb9d59c82516efceed39be25d493e,11
todo-sync,https://github.com/tmurph/todo-sync,32915e9a1509aa2c4083613e256cb0d502c441aa,tests/test_org_to_asana.py::test_o2a_behind_make_fn[a_node8-expected_node8],True,True,brittle,True,,2a4cbb3b8ec3b840a123ba7605475934,11
todo-sync,https://github.com/tmurph/todo-sync,32915e9a1509aa2c4083613e256cb0d502c441aa,tests/test_org_to_asana.py::test_o2a_behind_make_fn[a_node9-expected_node9],True,True,brittle,True,,4a4fe7e3e3f56454afa3e23a851243b9,11
tokendito,https://github.com/dowjones/tokendito,f5d8e5171ddcca0c62925263ddb80535f51aded3,tests/functional_test.py::test_version[runnable2],True,True,NOD,False,,1ee7e6e7b793a54b750519c07a3d7d24,3
torchpwl,https://github.com/PiotrDabkowski/torchpwl,73b09cfa9f4c173988d8f075485b887c694fc5a8,torchpwl/pwl_test.py::test_pwl_default_init_response[7-3-MonoPointPWL],True,True,victim,True,True,f5eb1169570e2024e3e27ca73f822f5b,-1
torchpwl,https://github.com/PiotrDabkowski/torchpwl,73b09cfa9f4c173988d8f075485b887c694fc5a8,torchpwl/pwl_test.py::test_pwl_is_continous[1-3-PointPWL],False,False,passed,False,False,b2ea9392de48de2778a3fff3e594d97f,-1
torchpwl,https://github.com/PiotrDabkowski/torchpwl,73b09cfa9f4c173988d8f075485b887c694fc5a8,torchpwl/pwl_test.py::test_pwl_is_continous[2-3-PointPWL],True,False,victim,False,False,d23ad615544b263ccde287928bab1d12,-1
torchpwl,https://github.com/PiotrDabkowski/torchpwl,73b09cfa9f4c173988d8f075485b887c694fc5a8,torchpwl/pwl_test.py::test_pwl_is_continous[3-3-PointPWL],False,False,passed,False,False,399609899e82e4ed893c37b03830e771,-1
torchpwl,https://github.com/PiotrDabkowski/torchpwl,73b09cfa9f4c173988d8f075485b887c694fc5a8,torchpwl/pwl_test.py::test_pwl_is_continous[4-1-PointPWL],True,False,victim,False,False,8a25be0f7f7eb8b8261f872dea60fe56,-1
torchpwl,https://github.com/PiotrDabkowski/torchpwl,73b09cfa9f4c173988d8f075485b887c694fc5a8,torchpwl/pwl_test.py::test_pwl_is_continous[4-3-SlopedPWL],False,False,passed,False,False,712a53f833a4f5e6a8c3a04e012fcc99,-1
torchpwl,https://github.com/efe/zula,6328eb9c0e18debaaa769b7ac0d05a4a472f4746,torchpwl/pwl_test.py::test_pwl_default_init_response[7-1-MonoPointPWL],True,False,victim,False,False,ea295986737c75c62c5745e40e035708,-1
torchpwl,https://github.com/efe/zula,6328eb9c0e18debaaa769b7ac0d05a4a472f4746,torchpwl/pwl_test.py::test_pwl_is_continous[3-1-PointPWL],True,True,victim,True,True,4da7aafef72e06e8f7aa540a118237ba,-1
torchpwl,https://github.com/efe/zula,6328eb9c0e18debaaa769b7ac0d05a4a472f4746,torchpwl/pwl_test.py::test_pwl_is_continous[4-3-PointPWL],True,False,victim,False,False,0c15a6fbe2664dc3043a931eb2949978,-1
wkr.py,https://github.com/wroberts/wkr.py,dbb3c1742c10bfaf697fa276d2cc8885e144ab43,tests/test_io.py::test_lines_read[latin-1],False,False,passed,False,False,86feac3f1032e68b8dc47f85bd0c532c,8
wkr.py,https://github.com/wroberts/wkr.py,dbb3c1742c10bfaf697fa276d2cc8885e144ab43,tests/test_io.py::test_lines_read[utf-16],False,False,passed,False,False,8cfc3fd669c2bb0eb9bbc382140fa27b,8
wkr.py,https://github.com/wroberts/wkr.py,dbb3c1742c10bfaf697fa276d2cc8885e144ab43,tests/test_io.py::test_lines_read[utf-16be],False,False,passed,False,False,b00a35b67ddb7f684a25d31a2270e6de,8
wkr.py,https://github.com/wroberts/wkr.py,dbb3c1742c10bfaf697fa276d2cc8885e144ab43,tests/test_io.py::test_lines_read[utf-32],False,False,passed,False,False,fd7a1f3d85d72b676ad972189ec803a0,8
wkr.py,https://github.com/wroberts/wkr.py,dbb3c1742c10bfaf697fa276d2cc8885e144ab43,tests/test_io.py::test_lines_read[utf-32be],False,False,passed,False,False,1c75c99def28daf910cb3629f60d44d9,8
wkr.py,https://github.com/wroberts/wkr.py,dbb3c1742c10bfaf697fa276d2cc8885e144ab43,tests/test_io.py::test_lines_read[utf-32le],False,False,passed,False,False,79081cd786359a0adc562f36b5df009b,8
wkr.py,https://github.com/wroberts/wkr.py,dbb3c1742c10bfaf697fa276d2cc8885e144ab43,tests/test_io.py::test_lines_read[utf-8],False,False,passed,False,False,cc53f1ec750ed89e168afa3e7d8e0b4d,8
wkr.py,https://github.com/wroberts/wkr.py,dbb3c1742c10bfaf697fa276d2cc8885e144ab43,tests/test_io.py::test_read_compressed_file[compressed_file0],False,False,passed,False,False,a013b87d590963ae94a41ea5ab628189,3
wkr.py,https://github.com/wroberts/wkr.py,dbb3c1742c10bfaf697fa276d2cc8885e144ab43,tests/test_io.py::test_read_compressed_file[compressed_file1],False,False,passed,False,False,86652637fe5dcef64a597fecf750993e,3
wkr.py,https://github.com/wroberts/wkr.py,dbb3c1742c10bfaf697fa276d2cc8885e144ab43,tests/test_io.py::test_read_compressed_file[compressed_file2],False,False,passed,False,False,58225fbe7b6c003b62750886589aef8c,3
wkr.py,https://github.com/wroberts/wkr.py,dbb3c1742c10bfaf697fa276d2cc8885e144ab43,tests/test_io.py::test_write_compressed_file[compressed_file0],False,False,passed,False,False,4bff4db24d064804af35304cf1d2ab4f,3
wkr.py,https://github.com/wroberts/wkr.py,dbb3c1742c10bfaf697fa276d2cc8885e144ab43,tests/test_io.py::test_write_compressed_file[compressed_file1],False,False,passed,False,False,4ff92bcc2c6bf3a38929d84fe1122109,3
wkr.py,https://github.com/wroberts/wkr.py,dbb3c1742c10bfaf697fa276d2cc8885e144ab43,tests/test_io.py::test_write_compressed_file[compressed_file2],False,False,passed,False,False,cddc5073bc15d385855b6b75b2028e3e,3
wkr.py,https://github.com/wroberts/wkr.py,dbb3c1742c10bfaf697fa276d2cc8885e144ab43,tests/test_os.py::test_temp_file_name[random],False,False,passed,False,False,70285144f6ec8a99db65b8bf84e03d75,2
yapconf,https://github.com/loganasherjones/yapconf,f685ed6a6f532a8f836deb205fc2509e9422329b,tests/spec_test.py::test_watchers[label1],False,False,passed,False,False,8b5436d3d06569593513761bcb953b05,3
yapconf,https://github.com/loganasherjones/yapconf,f685ed6a6f532a8f836deb205fc2509e9422329b,tests/spec_test.py::test_watchers[label2],False,False,passed,False,False,6c3b51852537cd1e4b68dc9a4226a196,3
