JavPy,https://github.com/TheodoreKrypton/JavPy,61df53aafbfbd05ed1efa8c51a08d6e9252cb533,JavPy/tests/test_clients/test_webserver.py::test_search_magnet_by_code[ABP-123],False,False,passed,False,False,4
JavPy,https://github.com/TheodoreKrypton/JavPy,61df53aafbfbd05ed1efa8c51a08d6e9252cb533,JavPy/tests/test_clients/test_webserver.py::test_search_magnet_by_code[ABP-231],False,False,passed,False,False,4
asv,https://github.com/airspeed-velocity/asv,a131ca742daf53c4521fbfefeb53507b5c140c84,test/test_publish.py::test_publish_range_spec[git],False,False,passed,False,False,2
cloudnetpy,https://github.com/tukiains/cloudnetpy,26f2607b890630146469cfa410fce99438ceee3f,tests/unit/test_lwc.py::test_init_status[0],True,False,victim,False,False,2
cloudnetpy,https://github.com/tukiains/cloudnetpy,26f2607b890630146469cfa410fce99438ceee3f,tests/unit/test_lwc.py::test_update_status[0],True,True,victim,True,True,3
cloudnetpy,https://github.com/tukiains/cloudnetpy,26f2607b890630146469cfa410fce99438ceee3f,tests/unit/test_lwc.py::test_update_status[1],True,True,victim,True,True,3
compyle,https://github.com/pypr/compyle,f557e49c7e18a49efdb5807ac650ba590db81cb2,compyle/tests/test_array.py::test_sort_by_keys[cython],False,False,passed,False,False,3
compyle,https://github.com/pypr/compyle,f557e49c7e18a49efdb5807ac650ba590db81cb2,compyle/tests/test_array.py::test_sort_by_keys_with_output[cython],False,False,passed,False,False,3
ext_pylib,https://github.com/hbradleyiii/ext_pylib,15a9b5a80db87b5f20e03ef6bfa015acf4bf8543,tests/files/test_node.py::test_node_repr[atts0-{'path',EMPTY
ext_pylib,https://github.com/hbradleyiii/ext_pylib,15a9b5a80db87b5f20e03ef6bfa015acf4bf8543,tests/files/test_node.py::test_node_repr[atts1-{'path',EMPTY
ext_pylib,https://github.com/hbradleyiii/ext_pylib,15a9b5a80db87b5f20e03ef6bfa015acf4bf8543,tests/files/test_node.py::test_node_repr[atts2-{'path',EMPTY
flask-smorest,https://github.com/marshmallow-code/flask-smorest,02e9e84def5ace80522c76b830fbef9930a28771,tests/test_pagination.py::TestPagination::test_pagination_max_page_size[app_fixture0-AppConfig-1000],True,False,victim,True,True,EMPTY
flask-smorest,https://github.com/marshmallow-code/flask-smorest,02e9e84def5ace80522c76b830fbef9930a28771,tests/test_pagination.py::TestPagination::test_pagination_max_page_size[app_fixture1-AppConfig-1000],True,False,victim,True,True,EMPTY
flask-smorest,https://github.com/marshmallow-code/flask-smorest,02e9e84def5ace80522c76b830fbef9930a28771,tests/test_pagination.py::TestPagination::test_pagination_max_page_size[app_fixture2-AppConfig-1000],True,False,victim,True,True,EMPTY
flask-smorest,https://github.com/marshmallow-code/flask-smorest,02e9e84def5ace80522c76b830fbef9930a28771,tests/test_pagination.py::TestPagination::test_pagination_max_page_size[app_fixture3-AppConfig-1000],True,False,victim,True,True,EMPTY
flask-smorest,https://github.com/marshmallow-code/flask-smorest,02e9e84def5ace80522c76b830fbef9930a28771,tests/test_pagination.py::TestPagination::test_pagination_max_page_size[app_fixture4-AppConfig-1000],True,False,victim,True,True,EMPTY
flask-smorest,https://github.com/marshmallow-code/flask-smorest,02e9e84def5ace80522c76b830fbef9930a28771,tests/test_pagination.py::TestPagination::test_pagination_max_page_size[app_fixture5-AppConfig-1000],True,False,victim,True,True,EMPTY
flask-smorest,https://github.com/marshmallow-code/flask-smorest,02e9e84def5ace80522c76b830fbef9930a28771,tests/test_pagination.py::TestPagination::test_pagination_max_page_size[app_fixture6-AppConfig-1000],True,False,victim,True,True,EMPTY
flask-smorest,https://github.com/marshmallow-code/flask-smorest,02e9e84def5ace80522c76b830fbef9930a28771,tests/test_pagination.py::TestPagination::test_pagination_max_page_size[app_fixture7-AppConfig-1000],True,False,victim,True,True,EMPTY
flask-smorest,https://github.com/marshmallow-code/flask-smorest,02e9e84def5ace80522c76b830fbef9930a28771,tests/test_pagination.py::TestPagination::test_pagination_min_page_page_size[app_fixture0-AppConfig-1000],True,False,victim,True,True,EMPTY
flask-smorest,https://github.com/marshmallow-code/flask-smorest,02e9e84def5ace80522c76b830fbef9930a28771,tests/test_pagination.py::TestPagination::test_pagination_min_page_page_size[app_fixture1-AppConfig-1000],True,False,victim,True,True,EMPTY
flask-smorest,https://github.com/marshmallow-code/flask-smorest,02e9e84def5ace80522c76b830fbef9930a28771,tests/test_pagination.py::TestPagination::test_pagination_min_page_page_size[app_fixture2-AppConfig-1000],True,False,victim,True,True,EMPTY
flask-smorest,https://github.com/marshmallow-code/flask-smorest,02e9e84def5ace80522c76b830fbef9930a28771,tests/test_pagination.py::TestPagination::test_pagination_min_page_page_size[app_fixture3-AppConfig-1000],True,False,victim,True,True,EMPTY
flask-smorest,https://github.com/marshmallow-code/flask-smorest,02e9e84def5ace80522c76b830fbef9930a28771,tests/test_pagination.py::TestPagination::test_pagination_min_page_page_size[app_fixture4-AppConfig-1000],True,False,victim,True,True,EMPTY
flask-smorest,https://github.com/marshmallow-code/flask-smorest,02e9e84def5ace80522c76b830fbef9930a28771,tests/test_pagination.py::TestPagination::test_pagination_min_page_page_size[app_fixture5-AppConfig-1000],True,False,victim,True,True,EMPTY
flask-smorest,https://github.com/marshmallow-code/flask-smorest,02e9e84def5ace80522c76b830fbef9930a28771,tests/test_pagination.py::TestPagination::test_pagination_min_page_page_size[app_fixture6-AppConfig-1000],True,False,victim,True,True,EMPTY
flask-smorest,https://github.com/marshmallow-code/flask-smorest,02e9e84def5ace80522c76b830fbef9930a28771,tests/test_pagination.py::TestPagination::test_pagination_min_page_page_size[app_fixture7-AppConfig-1000],True,False,victim,True,True,EMPTY
grabbit,https://github.com/grabbles/grabbit,83ff93df36019eaaee9d4e31f816a518e46cae07,grabbit/tests/test_core.py::TestLayout::test_init_with_exclude_arg[local],True,False,NOD,False,,2
grabbit,https://github.com/grabbles/grabbit,83ff93df36019eaaee9d4e31f816a518e46cae07,grabbit/tests/test_core.py::TestLayout::test_init_with_include_arg[local],True,False,NOD,False,,2
grabbit,https://github.com/grabbles/grabbit,83ff93df36019eaaee9d4e31f816a518e46cae07,grabbit/tests/test_core.py::TestLayout::test_natsort[local],True,False,NOD,False,,2
grabbit,https://github.com/grabbles/grabbit,83ff93df36019eaaee9d4e31f816a518e46cae07,grabbit/tests/test_core.py::TestLayout::test_querying[local],True,False,NOD,False,,2
grabbit,https://github.com/grabbles/grabbit,83ff93df36019eaaee9d4e31f816a518e46cae07,grabbit/tests/test_core.py::TestLayout::test_unique_and_count[local],True,False,NOD,False,,2
gramhopper,https://github.com/OrBin/gramhopper,9396533d10bb469c77985ad931033f400479809b,tests/responses/test_preset_responses.py::TestPresetResponsesWithParameterMatrices::test_preset_document_response[payload1],False,False,passed,False,False,3
gramhopper,https://github.com/OrBin/gramhopper,9396533d10bb469c77985ad931033f400479809b,tests/responses/test_preset_responses.py::TestPresetResponsesWithParameterMatrices::test_preset_document_response[payload2],False,False,passed,False,False,3
gramhopper,https://github.com/OrBin/gramhopper,9396533d10bb469c77985ad931033f400479809b,tests/responses/test_preset_responses.py::TestPresetResponsesWithParameterMatrices::test_preset_message_response[one-None],False,False,passed,False,False,6
gramhopper,https://github.com/OrBin/gramhopper,9396533d10bb469c77985ad931033f400479809b,tests/responses/test_preset_responses.py::TestPresetResponsesWithParameterMatrices::test_preset_message_response[one-payload2],False,False,passed,False,False,6
gramhopper,https://github.com/OrBin/gramhopper,9396533d10bb469c77985ad931033f400479809b,tests/responses/test_preset_responses.py::TestPresetResponsesWithParameterMatrices::test_preset_message_response[preset_response1-None],False,False,passed,False,False,6
gramhopper,https://github.com/OrBin/gramhopper,9396533d10bb469c77985ad931033f400479809b,tests/responses/test_preset_responses.py::TestPresetResponsesWithParameterMatrices::test_preset_message_response[preset_response1-payload2],False,False,passed,False,False,6
gramhopper,https://github.com/OrBin/gramhopper,9396533d10bb469c77985ad931033f400479809b,tests/responses/test_preset_responses.py::TestPresetResponsesWithParameterMatrices::test_preset_reply_response[one-None],False,False,passed,False,False,6
gramhopper,https://github.com/OrBin/gramhopper,9396533d10bb469c77985ad931033f400479809b,tests/responses/test_preset_responses.py::TestPresetResponsesWithParameterMatrices::test_preset_reply_response[one-payload1],False,False,passed,False,False,6
libearth,https://github.com/earthreader/libearth,71d2f3246eb0b6a3668a64e2242616d20b1d7dcd,tests/parsing_test.py::test_parse[daumwebtoon.xml-daumwebtoon.out.xml],False,False,passed,False,False,10
libearth,https://github.com/earthreader/libearth,71d2f3246eb0b6a3668a64e2242616d20b1d7dcd,tests/parsing_test.py::test_parse[imbcnews.xml-imbcnews.out.xml],False,False,passed,False,False,10
libearth,https://github.com/earthreader/libearth,71d2f3246eb0b6a3668a64e2242616d20b1d7dcd,tests/parsing_test.py::test_parse[lee-seungjae.xml-lee-seungjae.out.xml],False,False,passed,False,False,10
libearth,https://github.com/earthreader/libearth,71d2f3246eb0b6a3668a64e2242616d20b1d7dcd,tests/parsing_test.py::test_parse[msdn.xml-msdn.out.xml],False,False,passed,False,False,10
libearth,https://github.com/earthreader/libearth,71d2f3246eb0b6a3668a64e2242616d20b1d7dcd,tests/parsing_test.py::test_parse[naverblog-catmyo.xml-naverblog-catmyo.out.xml],False,False,passed,False,False,10
libearth,https://github.com/earthreader/libearth,71d2f3246eb0b6a3668a64e2242616d20b1d7dcd,tests/parsing_test.py::test_parse[yowayowacamera.xml-yowayowacamera.out.xml],False,False,passed,False,False,10
licenraptor,https://github.com/starofrainnight/licenraptor,ed543a2b43b75d733579509a78161928ac29234c,tests/test_db.py::TestRegisterFind::test_exisitng[MIT],True,False,NOD,False,False,2
mgun,https://github.com/maximdanilchenko/mgun,11540dd661afd2e8a18dd74ca0a5b416f671a4a1,tests/test_mgun.py::TestHttpRequests::test_post[first],False,False,passed,False,False,3
odinweb,https://github.com/python-odin/odinweb,198424133584acc18cb41c8d18d91f803abc810f,tests/test_containers.py::TestApiInterfaceBase::test_dispatch__invalid_headers[r1-406-URI,3
odinweb,https://github.com/python-odin/odinweb,198424133584acc18cb41c8d18d91f803abc810f,tests/test_containers.py::TestApiInterfaceBase::test_dispatch__invalid_headers[r2-405-Specified,3
pydu,https://github.com/Prodesire/pydu,4a1c2f15f7274d5079fb08b02ab1dbe08c0cefef,tests/test_misc.py::TestSuperLen::test_file[rb-0],False,False,passed,False,False,2
pytest-subtests,https://github.com/pytest-dev/pytest-subtests,96fc692a151f0709bf8ee209f8ce5d37b035f076,tests/test_subtests.py::TestSubTest::test_simple_terminal_verbose[unittest],False,False,passed,False,False,3
python-dugong,https://github.com/python-dugong/python-dugong,00dd4d5aab6eddb116cace2829a9f93bda153664,test/test_dugong.py::test_smallbuffer[plain-103],False,False,failed,False,False,40
python-protobix,https://github.com/jbfavre/python-protobix,96b7095a9c2485c9e1bdba098b7d82b93f91acb1,tests/test_memory_leak.py::test_long_run_for_memory_leak[items-2],False,False,passed,False,False,EMPTY
pyvesync_v2,https://github.com/webdjoe/pyvesync_v2,a5677b0599912fbc6dcc6604b0342e1edec92de1,src/tests/test_vesync_login.py::test_login[sam@mail.com-pass-correct],False,False,passed,False,False,5
qer,https://github.com/sputt/qer,c77e6777967ee660447beb9522c867a7233ef78d,tests/test_metadata.py::test_source_dist[file-iter-7.2.0-file-iter-7.2.0-None-mock_zip],False,False,passed,False,False,114
rarfile,https://github.com/markokr/rarfile,65810aceeb872ed61ec14cb615ed12feefbbb89e,test/test_extract.py::test_readonly[test/files/rar5-readonly-win.rar],False,False,failed,False,False,4
rarfile,https://github.com/markokr/rarfile,65810aceeb872ed61ec14cb615ed12feefbbb89e,test/test_extract.py::test_symlink[test/files/rar3-symlink-unix.rar],False,False,passed,False,False,2
reframe,https://github.com/eth-cscs/reframe,576eb3f1dcc015d1e6d7a10602c748d4f810da68,unittests/test_policies.py::test_retries_good_check[SerialExecutionPolicy],False,False,passed,False,False,2
reframe,https://github.com/eth-cscs/reframe,576eb3f1dcc015d1e6d7a10602c748d4f810da68,unittests/test_schedulers.py::test_cancel[local],True,False,brittle,True,,5
reframe,https://github.com/eth-cscs/reframe,576eb3f1dcc015d1e6d7a10602c748d4f810da68,unittests/test_schedulers.py::test_cancel_term_ignore[local],True,False,brittle,True,,5
reframe,https://github.com/eth-cscs/reframe,576eb3f1dcc015d1e6d7a10602c748d4f810da68,unittests/test_schedulers.py::test_cancel_with_grace[local],True,False,brittle,True,,5
reframe,https://github.com/eth-cscs/reframe,576eb3f1dcc015d1e6d7a10602c748d4f810da68,unittests/test_schedulers.py::test_combined_access_constraint[slurm],True,False,brittle,True,,5
reframe,https://github.com/eth-cscs/reframe,576eb3f1dcc015d1e6d7a10602c748d4f810da68,unittests/test_schedulers.py::test_combined_access_constraint[squeue],True,False,brittle,True,,5
reframe,https://github.com/eth-cscs/reframe,576eb3f1dcc015d1e6d7a10602c748d4f810da68,unittests/test_schedulers.py::test_combined_access_multiple_constraints[slurm],True,False,brittle,True,,5
reframe,https://github.com/eth-cscs/reframe,576eb3f1dcc015d1e6d7a10602c748d4f810da68,unittests/test_schedulers.py::test_combined_access_multiple_constraints[squeue],False,False,failed,False,False,5
reframe,https://github.com/eth-cscs/reframe,576eb3f1dcc015d1e6d7a10602c748d4f810da68,unittests/test_schedulers.py::test_combined_access_verbatim_constraint[slurm],True,False,brittle,True,,5
reframe,https://github.com/eth-cscs/reframe,576eb3f1dcc015d1e6d7a10602c748d4f810da68,unittests/test_schedulers.py::test_combined_access_verbatim_constraint[squeue],False,False,failed,False,False,5
reframe,https://github.com/eth-cscs/reframe,576eb3f1dcc015d1e6d7a10602c748d4f810da68,unittests/test_schedulers.py::test_no_empty_lines_in_preamble[pbs],True,False,brittle,True,,5
reframe,https://github.com/eth-cscs/reframe,576eb3f1dcc015d1e6d7a10602c748d4f810da68,unittests/test_schedulers.py::test_no_empty_lines_in_preamble[slurm],True,False,brittle,True,,5
reframe,https://github.com/eth-cscs/reframe,576eb3f1dcc015d1e6d7a10602c748d4f810da68,unittests/test_schedulers.py::test_no_empty_lines_in_preamble[squeue],True,False,brittle,True,,5
reframe,https://github.com/eth-cscs/reframe,576eb3f1dcc015d1e6d7a10602c748d4f810da68,unittests/test_schedulers.py::test_no_empty_lines_in_preamble[torque],True,False,brittle,True,,5
reframe,https://github.com/eth-cscs/reframe,576eb3f1dcc015d1e6d7a10602c748d4f810da68,unittests/test_schedulers.py::test_poll[local],False,False,failed,False,False,5
reframe,https://github.com/eth-cscs/reframe,576eb3f1dcc015d1e6d7a10602c748d4f810da68,unittests/test_schedulers.py::test_prepare_no_exclusive[slurm],True,False,brittle,True,,5
reframe,https://github.com/eth-cscs/reframe,576eb3f1dcc015d1e6d7a10602c748d4f810da68,unittests/test_schedulers.py::test_prepare_no_exclusive[squeue],True,False,brittle,True,,5
reframe,https://github.com/eth-cscs/reframe,576eb3f1dcc015d1e6d7a10602c748d4f810da68,unittests/test_schedulers.py::test_prepare_no_smt[slurm],False,False,failed,False,False,5
reframe,https://github.com/eth-cscs/reframe,576eb3f1dcc015d1e6d7a10602c748d4f810da68,unittests/test_schedulers.py::test_prepare_no_smt[squeue],True,False,brittle,True,,5
reframe,https://github.com/eth-cscs/reframe,576eb3f1dcc015d1e6d7a10602c748d4f810da68,unittests/test_schedulers.py::test_prepare_with_smt[slurm],True,False,brittle,True,,5
reframe,https://github.com/eth-cscs/reframe,576eb3f1dcc015d1e6d7a10602c748d4f810da68,unittests/test_schedulers.py::test_prepare_with_smt[squeue],True,False,brittle,True,,5
reframe,https://github.com/eth-cscs/reframe,576eb3f1dcc015d1e6d7a10602c748d4f810da68,unittests/test_schedulers.py::test_prepare_without_smt[slurm],False,False,failed,False,False,5
reframe,https://github.com/eth-cscs/reframe,576eb3f1dcc015d1e6d7a10602c748d4f810da68,unittests/test_schedulers.py::test_prepare_without_smt[squeue],True,False,brittle,True,,5
reframe,https://github.com/eth-cscs/reframe,576eb3f1dcc015d1e6d7a10602c748d4f810da68,unittests/test_schedulers.py::test_submit[local],True,False,brittle,True,,5
reframe,https://github.com/eth-cscs/reframe,576eb3f1dcc015d1e6d7a10602c748d4f810da68,unittests/test_schedulers.py::test_submit_timelimit[local],True,False,brittle,True,,5
region_cache,https://github.com/Teamworksapp/region_cache,8b2ae3ce4bb348c23a84d5fec546609e80579b94,tests/test_region_cache.py::test_cached[app1],False,False,failed,False,False,5
region_cache,https://github.com/Teamworksapp/region_cache,8b2ae3ce4bb348c23a84d5fec546609e80579b94,tests/test_region_cache.py::test_cached[app3],False,False,failed,False,False,5
region_cache,https://github.com/Teamworksapp/region_cache,8b2ae3ce4bb348c23a84d5fec546609e80579b94,tests/test_region_cache.py::test_cached[app4],False,False,failed,False,False,5
region_cache,https://github.com/Teamworksapp/region_cache,8b2ae3ce4bb348c23a84d5fec546609e80579b94,tests/test_region_cache.py::test_children[app3],False,False,failed,False,False,5
region_cache,https://github.com/Teamworksapp/region_cache,8b2ae3ce4bb348c23a84d5fec546609e80579b94,tests/test_region_cache.py::test_children[app4],False,False,failed,False,False,5
region_cache,https://github.com/Teamworksapp/region_cache,8b2ae3ce4bb348c23a84d5fec546609e80579b94,tests/test_region_cache.py::test_get_or_compute[app0],False,False,failed,False,False,5
region_cache,https://github.com/Teamworksapp/region_cache,8b2ae3ce4bb348c23a84d5fec546609e80579b94,tests/test_region_cache.py::test_get_or_compute[app1],False,False,failed,False,False,5
region_cache,https://github.com/Teamworksapp/region_cache,8b2ae3ce4bb348c23a84d5fec546609e80579b94,tests/test_region_cache.py::test_get_or_compute[app2],False,False,failed,False,False,5
region_cache,https://github.com/Teamworksapp/region_cache,8b2ae3ce4bb348c23a84d5fec546609e80579b94,tests/test_region_cache.py::test_get_or_compute[app4],False,False,failed,False,False,5
region_cache,https://github.com/Teamworksapp/region_cache,8b2ae3ce4bb348c23a84d5fec546609e80579b94,tests/test_region_cache.py::test_init_app[app2],False,False,failed,False,False,5
region_cache,https://github.com/Teamworksapp/region_cache,8b2ae3ce4bb348c23a84d5fec546609e80579b94,tests/test_region_cache.py::test_init_app[app3],False,False,failed,False,False,5
region_cache,https://github.com/Teamworksapp/region_cache,8b2ae3ce4bb348c23a84d5fec546609e80579b94,tests/test_region_cache.py::test_invalidate[app0],False,False,failed,False,False,5
region_cache,https://github.com/Teamworksapp/region_cache,8b2ae3ce4bb348c23a84d5fec546609e80579b94,tests/test_region_cache.py::test_invalidate[app2],False,False,failed,False,False,5
region_cache,https://github.com/Teamworksapp/region_cache,8b2ae3ce4bb348c23a84d5fec546609e80579b94,tests/test_region_cache.py::test_invalidate[app3],False,False,failed,False,False,5
region_cache,https://github.com/Teamworksapp/region_cache,8b2ae3ce4bb348c23a84d5fec546609e80579b94,tests/test_region_cache.py::test_invalidate[app4],False,False,failed,False,False,5
region_cache,https://github.com/Teamworksapp/region_cache,8b2ae3ce4bb348c23a84d5fec546609e80579b94,tests/test_region_cache.py::test_invalidate_connections[app2],False,False,failed,False,False,5
region_cache,https://github.com/Teamworksapp/region_cache,8b2ae3ce4bb348c23a84d5fec546609e80579b94,tests/test_region_cache.py::test_invalidate_connections[app3],False,False,failed,False,False,5
region_cache,https://github.com/Teamworksapp/region_cache,8b2ae3ce4bb348c23a84d5fec546609e80579b94,tests/test_region_cache.py::test_invalidate_on[app1],False,False,failed,False,False,5
region_cache,https://github.com/Teamworksapp/region_cache,8b2ae3ce4bb348c23a84d5fec546609e80579b94,tests/test_region_cache.py::test_invalidate_on[app2],False,False,failed,False,False,5
region_cache,https://github.com/Teamworksapp/region_cache,8b2ae3ce4bb348c23a84d5fec546609e80579b94,tests/test_region_cache.py::test_invalidate_on[app3],False,False,failed,False,False,5
region_cache,https://github.com/Teamworksapp/region_cache,8b2ae3ce4bb348c23a84d5fec546609e80579b94,tests/test_region_cache.py::test_invalidate_region[app0],False,False,failed,False,False,5
region_cache,https://github.com/Teamworksapp/region_cache,8b2ae3ce4bb348c23a84d5fec546609e80579b94,tests/test_region_cache.py::test_items[app3],False,False,failed,False,False,5
region_cache,https://github.com/Teamworksapp/region_cache,8b2ae3ce4bb348c23a84d5fec546609e80579b94,tests/test_region_cache.py::test_items[app4],False,False,failed,False,False,5
region_cache,https://github.com/Teamworksapp/region_cache,8b2ae3ce4bb348c23a84d5fec546609e80579b94,tests/test_region_cache.py::test_iter[app0],False,False,failed,False,False,5
region_cache,https://github.com/Teamworksapp/region_cache,8b2ae3ce4bb348c23a84d5fec546609e80579b94,tests/test_region_cache.py::test_iter[app1],False,False,failed,False,False,5
region_cache,https://github.com/Teamworksapp/region_cache,8b2ae3ce4bb348c23a84d5fec546609e80579b94,tests/test_region_cache.py::test_iter[app4],False,False,failed,False,False,5
region_cache,https://github.com/Teamworksapp/region_cache,8b2ae3ce4bb348c23a84d5fec546609e80579b94,tests/test_region_cache.py::test_reconnect_backoff[app1],False,False,failed,False,False,5
region_cache,https://github.com/Teamworksapp/region_cache,8b2ae3ce4bb348c23a84d5fec546609e80579b94,tests/test_region_cache.py::test_reconnect_backoff[app2],False,False,failed,False,False,5
region_cache,https://github.com/Teamworksapp/region_cache,8b2ae3ce4bb348c23a84d5fec546609e80579b94,tests/test_region_cache.py::test_reconnect_backoff[app4],False,False,failed,False,False,5
region_cache,https://github.com/Teamworksapp/region_cache,8b2ae3ce4bb348c23a84d5fec546609e80579b94,tests/test_region_cache.py::test_region_context_manager[app0],False,False,failed,False,False,5
region_cache,https://github.com/Teamworksapp/region_cache,8b2ae3ce4bb348c23a84d5fec546609e80579b94,tests/test_region_cache.py::test_region_context_manager[app4],False,False,failed,False,False,5
region_cache,https://github.com/Teamworksapp/region_cache,8b2ae3ce4bb348c23a84d5fec546609e80579b94,tests/test_region_cache.py::test_subregions[app0],False,False,failed,False,False,5
region_cache,https://github.com/Teamworksapp/region_cache,8b2ae3ce4bb348c23a84d5fec546609e80579b94,tests/test_region_cache.py::test_subregions[app2],False,False,failed,False,False,5
region_cache,https://github.com/Teamworksapp/region_cache,8b2ae3ce4bb348c23a84d5fec546609e80579b94,tests/test_region_cache.py::test_subregions[app3],False,False,failed,False,False,5
region_cache,https://github.com/Teamworksapp/region_cache,8b2ae3ce4bb348c23a84d5fec546609e80579b94,tests/test_region_cache.py::test_subregions[app4],False,False,failed,False,False,5
region_cache,https://github.com/Teamworksapp/region_cache,8b2ae3ce4bb348c23a84d5fec546609e80579b94,tests/test_region_cache.py::test_timeout_with_context[app0],False,False,failed,False,False,5
region_cache,https://github.com/Teamworksapp/region_cache,8b2ae3ce4bb348c23a84d5fec546609e80579b94,tests/test_region_cache.py::test_timeout_with_context[app2],False,False,failed,False,False,5
sanic-envconfig,https://github.com/jamesstidard/sanic-envconfig,c68e09def2ce04c7ab91e443680ff64dc2ef61e1,tests/test_envconfig.py::test_env_override[ATTRIBUTE_FLOAT-float-3.14-3.14],False,False,failed,False,False,4
sanic-envconfig,https://github.com/jamesstidard/sanic-envconfig,c68e09def2ce04c7ab91e443680ff64dc2ef61e1,tests/test_envconfig.py::test_env_override[ATTRIBUTE_INT-int-12345-12345],False,False,failed,False,False,4
tokendito,https://github.com/dowjones/tokendito,f5d8e5171ddcca0c62925263ddb80535f51aded3,tests/functional_test.py::test_version[runnable2],True,True,NOD,False,,3
torchpwl,https://github.com/PiotrDabkowski/torchpwl,73b09cfa9f4c173988d8f075485b887c694fc5a8,torchpwl/pwl_test.py::test_pwl_default_init_response[7-3-MonoPointPWL],True,True,victim,True,True,EMPTY EMPTY
torchpwl,https://github.com/PiotrDabkowski/torchpwl,73b09cfa9f4c173988d8f075485b887c694fc5a8,torchpwl/pwl_test.py::test_pwl_is_continous[1-3-PointPWL],False,False,passed,False,False,EMPTY EMPTY
torchpwl,https://github.com/PiotrDabkowski/torchpwl,73b09cfa9f4c173988d8f075485b887c694fc5a8,torchpwl/pwl_test.py::test_pwl_is_continous[2-3-PointPWL],True,False,victim,False,False,EMPTY EMPTY
torchpwl,https://github.com/PiotrDabkowski/torchpwl,73b09cfa9f4c173988d8f075485b887c694fc5a8,torchpwl/pwl_test.py::test_pwl_is_continous[3-3-PointPWL],False,False,passed,False,False,EMPTY EMPTY
torchpwl,https://github.com/PiotrDabkowski/torchpwl,73b09cfa9f4c173988d8f075485b887c694fc5a8,torchpwl/pwl_test.py::test_pwl_is_continous[4-1-PointPWL],True,False,victim,False,False,EMPTY EMPTY
torchpwl,https://github.com/PiotrDabkowski/torchpwl,73b09cfa9f4c173988d8f075485b887c694fc5a8,torchpwl/pwl_test.py::test_pwl_is_continous[4-3-SlopedPWL],False,False,passed,False,False,EMPTY EMPTY
wkr.py,https://github.com/wroberts/wkr.py,dbb3c1742c10bfaf697fa276d2cc8885e144ab43,tests/test_io.py::test_lines_read[latin-1],False,False,passed,False,False,8
wkr.py,https://github.com/wroberts/wkr.py,dbb3c1742c10bfaf697fa276d2cc8885e144ab43,tests/test_io.py::test_lines_read[utf-16],False,False,passed,False,False,8
wkr.py,https://github.com/wroberts/wkr.py,dbb3c1742c10bfaf697fa276d2cc8885e144ab43,tests/test_io.py::test_lines_read[utf-16be],False,False,passed,False,False,8
wkr.py,https://github.com/wroberts/wkr.py,dbb3c1742c10bfaf697fa276d2cc8885e144ab43,tests/test_io.py::test_lines_read[utf-32],False,False,passed,False,False,8
wkr.py,https://github.com/wroberts/wkr.py,dbb3c1742c10bfaf697fa276d2cc8885e144ab43,tests/test_io.py::test_lines_read[utf-32be],False,False,passed,False,False,8
wkr.py,https://github.com/wroberts/wkr.py,dbb3c1742c10bfaf697fa276d2cc8885e144ab43,tests/test_io.py::test_lines_read[utf-32le],False,False,passed,False,False,8
wkr.py,https://github.com/wroberts/wkr.py,dbb3c1742c10bfaf697fa276d2cc8885e144ab43,tests/test_io.py::test_lines_read[utf-8],False,False,passed,False,False,8
wkr.py,https://github.com/wroberts/wkr.py,dbb3c1742c10bfaf697fa276d2cc8885e144ab43,tests/test_os.py::test_temp_file_name[random],False,False,passed,False,False,2
yapconf,https://github.com/loganasherjones/yapconf,f685ed6a6f532a8f836deb205fc2509e9422329b,tests/spec_test.py::test_watchers[label1],False,False,passed,False,False,3
yapconf,https://github.com/loganasherjones/yapconf,f685ed6a6f532a8f836deb205fc2509e9422329b,tests/spec_test.py::test_watchers[label2],False,False,passed,False,False,3
plcx,https://github.com/efe/zula,6328eb9c0e18debaaa769b7ac0d05a4a472f4746,plcx/tests/comm/test_server.py::test_serverx_error[raise_handler-AttributeError],True,True,victim,True,True,3
plcx,https://github.com/efe/zula,6328eb9c0e18debaaa769b7ac0d05a4a472f4746,plcx/tests/comm/test_server.py::test_serverx_error[not_arg_handler-TypeError],True,True,victim,True,True,3
torchpwl,https://github.com/efe/zula,6328eb9c0e18debaaa769b7ac0d05a4a472f4746,torchpwl/pwl_test.py::test_pwl_default_init_response[7-1-MonoPointPWL],True,False,victim,False,False,EMPTY EMPTY
torchpwl,https://github.com/efe/zula,6328eb9c0e18debaaa769b7ac0d05a4a472f4746,torchpwl/pwl_test.py::test_pwl_is_continous[3-1-PointPWL],True,True,victim,True,True,EMPTY EMPTY
torchpwl,https://github.com/efe/zula,6328eb9c0e18debaaa769b7ac0d05a4a472f4746,torchpwl/pwl_test.py::test_pwl_is_continous[4-3-PointPWL],True,False,victim,False,False,EMPTY EMPTY
