Project_Name,Project_URL,Project_Hash,Test_id,Detected,Have_Patch,OD_Type,Polluter_or_Setter,Cleaner
Flask-JWT-Router,https://github.com/joegasewicz/Flask-JWT-Router,0fb1e256c81409be6f08d8be12f07e5f58b4f914,tests/test_routing.py::TestRouting::test_jwt_route[jwt_router_client0-None-200],TRUE,FALSE,victim,TRUE,FALSE
JavPy,https://github.com/TheodoreKrypton/JavPy,61df53aafbfbd05ed1efa8c51a08d6e9252cb533,JavPy/tests/test_clients/test_telegram.py::test_new[params0],FALSE,FALSE,passed,FALSE,FALSE
JavPy,https://github.com/TheodoreKrypton/JavPy,61df53aafbfbd05ed1efa8c51a08d6e9252cb533,JavPy/tests/test_clients/test_webserver.py::test_newly_released[data0],FALSE,FALSE,passed,FALSE,FALSE
JavPy,https://github.com/TheodoreKrypton/JavPy,61df53aafbfbd05ed1efa8c51a08d6e9252cb533,JavPy/tests/test_clients/test_webserver.py::test_newly_released[data1],FALSE,FALSE,passed,FALSE,FALSE
JavPy,https://github.com/TheodoreKrypton/JavPy,61df53aafbfbd05ed1efa8c51a08d6e9252cb533,JavPy/tests/test_clients/test_webserver.py::test_search_magnet_by_code[ABP-123],FALSE,FALSE,passed,FALSE,FALSE
JavPy,https://github.com/TheodoreKrypton/JavPy,61df53aafbfbd05ed1efa8c51a08d6e9252cb533,JavPy/tests/test_clients/test_webserver.py::test_search_magnet_by_code[ABP-231],FALSE,FALSE,passed,FALSE,FALSE
asv,https://github.com/airspeed-velocity/asv,a131ca742daf53c4521fbfefeb53507b5c140c84,test/test_compare.py::test_compare_name_lookup[git],FALSE,FALSE,passed,FALSE,FALSE
asv,https://github.com/airspeed-velocity/asv,a131ca742daf53c4521fbfefeb53507b5c140c84,test/test_compare.py::test_compare_name_lookup[hg],FALSE,FALSE,passed,FALSE,FALSE
asv,https://github.com/airspeed-velocity/asv,a131ca742daf53c4521fbfefeb53507b5c140c84,test/test_gh_pages.py::test_gh_pages[git-no-rewrite],FALSE,FALSE,passed,FALSE,FALSE
asv,https://github.com/airspeed-velocity/asv,a131ca742daf53c4521fbfefeb53507b5c140c84,test/test_gh_pages.py::test_gh_pages[git-rewrite],FALSE,FALSE,passed,FALSE,FALSE
asv,https://github.com/airspeed-velocity/asv,a131ca742daf53c4521fbfefeb53507b5c140c84,test/test_gh_pages.py::test_gh_pages[hg-no-rewrite],FALSE,FALSE,passed,FALSE,FALSE
asv,https://github.com/airspeed-velocity/asv,a131ca742daf53c4521fbfefeb53507b5c140c84,test/test_gh_pages.py::test_gh_pages[hg-rewrite],FALSE,FALSE,passed,FALSE,FALSE
asv,https://github.com/airspeed-velocity/asv,a131ca742daf53c4521fbfefeb53507b5c140c84,test/test_publish.py::test_publish_range_spec[git],FALSE,FALSE,passed,FALSE,FALSE
chuda,https://github.com/Varkal/chuda,bd4d30c0f809d5349752ab2f322f30b01ab6b4a4,tests/test_app.py::test_output[argv0],TRUE,FALSE,victim,TRUE,FALSE
cloudnetpy,https://github.com/tukiains/cloudnetpy,26f2607b890630146469cfa410fce99438ceee3f,tests/unit/test_drizzle.py::test_append_data[Do],TRUE,FALSE,victim,TRUE,FALSE
cloudnetpy,https://github.com/tukiains/cloudnetpy,26f2607b890630146469cfa410fce99438ceee3f,tests/unit/test_drizzle.py::test_append_data[Do_bias],TRUE,FALSE,victim,TRUE,FALSE
cloudnetpy,https://github.com/tukiains/cloudnetpy,26f2607b890630146469cfa410fce99438ceee3f,tests/unit/test_drizzle.py::test_append_data[Do_error],TRUE,FALSE,victim,TRUE,FALSE
cloudnetpy,https://github.com/tukiains/cloudnetpy,26f2607b890630146469cfa410fce99438ceee3f,tests/unit/test_drizzle.py::test_append_data[S],TRUE,FALSE,victim,TRUE,FALSE
cloudnetpy,https://github.com/tukiains/cloudnetpy,26f2607b890630146469cfa410fce99438ceee3f,tests/unit/test_drizzle.py::test_append_data[S_error],TRUE,FALSE,victim,TRUE,FALSE
cloudnetpy,https://github.com/tukiains/cloudnetpy,26f2607b890630146469cfa410fce99438ceee3f,tests/unit/test_drizzle.py::test_append_data[beta_corr],TRUE,FALSE,victim,TRUE,FALSE
cloudnetpy,https://github.com/tukiains/cloudnetpy,26f2607b890630146469cfa410fce99438ceee3f,tests/unit/test_drizzle.py::test_append_data[drizzle_N],TRUE,FALSE,victim,TRUE,FALSE
cloudnetpy,https://github.com/tukiains/cloudnetpy,26f2607b890630146469cfa410fce99438ceee3f,tests/unit/test_drizzle.py::test_append_data[drizzle_N_bias],TRUE,FALSE,victim,TRUE,FALSE
cloudnetpy,https://github.com/tukiains/cloudnetpy,26f2607b890630146469cfa410fce99438ceee3f,tests/unit/test_drizzle.py::test_append_data[drizzle_N_error],TRUE,FALSE,victim,TRUE,FALSE
cloudnetpy,https://github.com/tukiains/cloudnetpy,26f2607b890630146469cfa410fce99438ceee3f,tests/unit/test_drizzle.py::test_append_data[drizzle_lwc],TRUE,FALSE,victim,TRUE,FALSE
cloudnetpy,https://github.com/tukiains/cloudnetpy,26f2607b890630146469cfa410fce99438ceee3f,tests/unit/test_drizzle.py::test_append_data[drizzle_lwc_bias],TRUE,FALSE,victim,TRUE,FALSE
cloudnetpy,https://github.com/tukiains/cloudnetpy,26f2607b890630146469cfa410fce99438ceee3f,tests/unit/test_drizzle.py::test_append_data[drizzle_lwc_error],TRUE,FALSE,victim,TRUE,FALSE
cloudnetpy,https://github.com/tukiains/cloudnetpy,26f2607b890630146469cfa410fce99438ceee3f,tests/unit/test_drizzle.py::test_append_data[drizzle_lwf],TRUE,FALSE,victim,TRUE,FALSE
cloudnetpy,https://github.com/tukiains/cloudnetpy,26f2607b890630146469cfa410fce99438ceee3f,tests/unit/test_drizzle.py::test_append_data[drizzle_lwf_bias],TRUE,FALSE,victim,TRUE,FALSE
cloudnetpy,https://github.com/tukiains/cloudnetpy,26f2607b890630146469cfa410fce99438ceee3f,tests/unit/test_drizzle.py::test_append_data[drizzle_lwf_error],TRUE,FALSE,victim,TRUE,FALSE
cloudnetpy,https://github.com/tukiains/cloudnetpy,26f2607b890630146469cfa410fce99438ceee3f,tests/unit/test_drizzle.py::test_append_data[mu],TRUE,FALSE,victim,TRUE,FALSE
cloudnetpy,https://github.com/tukiains/cloudnetpy,26f2607b890630146469cfa410fce99438ceee3f,tests/unit/test_drizzle.py::test_append_data[mu_error],TRUE,FALSE,victim,FALSE,FALSE
cloudnetpy,https://github.com/tukiains/cloudnetpy,26f2607b890630146469cfa410fce99438ceee3f,tests/unit/test_drizzle.py::test_append_data[v_air],TRUE,FALSE,victim,FALSE,FALSE
cloudnetpy,https://github.com/tukiains/cloudnetpy,26f2607b890630146469cfa410fce99438ceee3f,tests/unit/test_drizzle.py::test_append_data[v_drizzle],TRUE,FALSE,victim,FALSE,FALSE
cloudnetpy,https://github.com/tukiains/cloudnetpy,26f2607b890630146469cfa410fce99438ceee3f,tests/unit/test_drizzle.py::test_append_data[v_drizzle_bias],TRUE,FALSE,victim,FALSE,FALSE
cloudnetpy,https://github.com/tukiains/cloudnetpy,26f2607b890630146469cfa410fce99438ceee3f,tests/unit/test_drizzle.py::test_append_data[v_drizzle_error],TRUE,FALSE,victim,FALSE,FALSE
cloudnetpy,https://github.com/tukiains/cloudnetpy,26f2607b890630146469cfa410fce99438ceee3f,tests/unit/test_drizzle.py::test_calc_derived_products[drizzle_N],TRUE,FALSE,victim,FALSE,FALSE
cloudnetpy,https://github.com/tukiains/cloudnetpy,26f2607b890630146469cfa410fce99438ceee3f,tests/unit/test_drizzle.py::test_calc_derived_products[drizzle_lwc],TRUE,FALSE,victim,FALSE,FALSE
cloudnetpy,https://github.com/tukiains/cloudnetpy,26f2607b890630146469cfa410fce99438ceee3f,tests/unit/test_drizzle.py::test_calc_derived_products[drizzle_lwf],TRUE,FALSE,victim,FALSE,FALSE
cloudnetpy,https://github.com/tukiains/cloudnetpy,26f2607b890630146469cfa410fce99438ceee3f,tests/unit/test_drizzle.py::test_calc_derived_products[v_air],TRUE,FALSE,victim,FALSE,FALSE
cloudnetpy,https://github.com/tukiains/cloudnetpy,26f2607b890630146469cfa410fce99438ceee3f,tests/unit/test_drizzle.py::test_calc_derived_products[v_drizzle],TRUE,FALSE,victim,FALSE,FALSE
cloudnetpy,https://github.com/tukiains/cloudnetpy,26f2607b890630146469cfa410fce99438ceee3f,tests/unit/test_drizzle.py::test_init_variables[Do],TRUE,FALSE,victim,FALSE,FALSE
cloudnetpy,https://github.com/tukiains/cloudnetpy,26f2607b890630146469cfa410fce99438ceee3f,tests/unit/test_drizzle.py::test_init_variables[S],TRUE,FALSE,victim,FALSE,FALSE
cloudnetpy,https://github.com/tukiains/cloudnetpy,26f2607b890630146469cfa410fce99438ceee3f,tests/unit/test_drizzle.py::test_init_variables[beta_corr],TRUE,FALSE,victim,FALSE,FALSE
cloudnetpy,https://github.com/tukiains/cloudnetpy,26f2607b890630146469cfa410fce99438ceee3f,tests/unit/test_drizzle.py::test_init_variables[mu],TRUE,FALSE,victim,FALSE,FALSE
cloudnetpy,https://github.com/tukiains/cloudnetpy,26f2607b890630146469cfa410fce99438ceee3f,tests/unit/test_drizzle.py::test_update_result_tables[Do-10],TRUE,FALSE,victim,FALSE,FALSE
cloudnetpy,https://github.com/tukiains/cloudnetpy,26f2607b890630146469cfa410fce99438ceee3f,tests/unit/test_drizzle.py::test_update_result_tables[S-93.7247943],TRUE,FALSE,victim,FALSE,FALSE
cloudnetpy,https://github.com/tukiains/cloudnetpy,26f2607b890630146469cfa410fce99438ceee3f,tests/unit/test_drizzle.py::test_update_result_tables[mu--1],TRUE,FALSE,victim,FALSE,FALSE
cloudnetpy,https://github.com/tukiains/cloudnetpy,26f2607b890630146469cfa410fce99438ceee3f,tests/unit/test_lwc.py::test_init_status[0],TRUE,FALSE,victim,FALSE,FALSE
cloudnetpy,https://github.com/tukiains/cloudnetpy,26f2607b890630146469cfa410fce99438ceee3f,tests/unit/test_lwc.py::test_update_status[0],TRUE,TRUE,victim,TRUE,TRUE
cloudnetpy,https://github.com/tukiains/cloudnetpy,26f2607b890630146469cfa410fce99438ceee3f,tests/unit/test_lwc.py::test_update_status[1],TRUE,TRUE,victim,TRUE,TRUE
compyle,https://github.com/pypr/compyle,f557e49c7e18a49efdb5807ac650ba590db81cb2,compyle/tests/test_array.py::test_sort_by_keys[cython],FALSE,FALSE,passed,FALSE,FALSE
compyle,https://github.com/pypr/compyle,f557e49c7e18a49efdb5807ac650ba590db81cb2,compyle/tests/test_array.py::test_sort_by_keys_with_output[cython],FALSE,FALSE,passed,FALSE,FALSE
dynamic-conf,https://github.com/jnoortheen/dynamic-conf,42257f06a66765ac4f5de1c6a4637f4db779c5ab,tests/test_conf.py::test_cofig_writing[.env-ARG1=VAL1\nARG2=VAL2],TRUE,FALSE,victim,TRUE,FALSE
dynamic-conf,https://github.com/jnoortheen/dynamic-conf,42257f06a66765ac4f5de1c6a4637f4db779c5ab,tests/test_conf.py::test_cofig_writing[env.py-ARG1 = 'VAL1'\nARG2 = 'VAL2'],TRUE,FALSE,victim,FALSE,FALSE
dynamic-conf,https://github.com/jnoortheen/dynamic-conf,42257f06a66765ac4f5de1c6a4637f4db779c5ab,tests/test_conf.py::test_cofig_writing_with_dump[.env-ARG1=VAL1\nARG3=3\nARG2=VAL2],TRUE,FALSE,victim,TRUE,FALSE
dynamic-conf,https://github.com/jnoortheen/dynamic-conf,42257f06a66765ac4f5de1c6a4637f4db779c5ab,tests/test_conf.py::test_cofig_writing_with_dump[env.py-ARG1 = 'VAL1'\nARG3 = 3\nARG2 = 'VAL2'],TRUE,FALSE,victim,FALSE,FALSE
dynamic-conf,https://github.com/jnoortheen/dynamic-conf,42257f06a66765ac4f5de1c6a4637f4db779c5ab,tests/test_conf.py::test_cofig_writing_with_filter_prefix[.env-ARG1=VAL1\nARG2=VAL2],TRUE,FALSE,victim,TRUE,FALSE
dynamic-conf,https://github.com/jnoortheen/dynamic-conf,42257f06a66765ac4f5de1c6a4637f4db779c5ab,tests/test_conf.py::test_cofig_writing_with_filter_prefix[env.py-ARG1 = 'VAL1'\nARG2 = 'VAL2'],TRUE,FALSE,victim,FALSE,FALSE
dynamic-conf,https://github.com/jnoortheen/dynamic-conf,42257f06a66765ac4f5de1c6a4637f4db779c5ab,tests/test_conf.py::test_config_reading[.env],TRUE,FALSE,victim,TRUE,FALSE
dynamic-conf,https://github.com/jnoortheen/dynamic-conf,42257f06a66765ac4f5de1c6a4637f4db779c5ab,tests/test_conf.py::test_config_reading[env.py],TRUE,FALSE,victim,TRUE,FALSE
easypy,https://github.com/weka-io/easypy,9501c3ee03dcb1630e58cbb73b1647056907bcea,tests/test_concurrency.py::test_concurrent_done_status[False],TRUE,FALSE,victim,FALSE,FALSE
easypy,https://github.com/weka-io/easypy,9501c3ee03dcb1630e58cbb73b1647056907bcea,tests/test_concurrency.py::test_concurrent_done_status[True],TRUE,FALSE,victim,FALSE,FALSE
easypy,https://github.com/weka-io/easypy,9501c3ee03dcb1630e58cbb73b1647056907bcea,tests/test_concurrency.py::test_multiexception_api[concurrent],TRUE,FALSE,victim,FALSE,FALSE
easypy,https://github.com/weka-io/easypy,9501c3ee03dcb1630e58cbb73b1647056907bcea,tests/test_concurrency.py::test_multiexception_api[nonconcurrent],TRUE,FALSE,victim,FALSE,FALSE
eppy,https://github.com/santoshphilip/eppy,98e58583dce6c0fcec9c7b1ff1142bae0a67ddc7,eppy/tests/test_case_insensitive.py::test_contains[BUILDING],TRUE,FALSE,victim,FALSE,FALSE
eppy,https://github.com/santoshphilip/eppy,98e58583dce6c0fcec9c7b1ff1142bae0a67ddc7,eppy/tests/test_case_insensitive.py::test_contains[BuIlDiNg],TRUE,FALSE,victim,FALSE,FALSE
eppy,https://github.com/santoshphilip/eppy,98e58583dce6c0fcec9c7b1ff1142bae0a67ddc7,eppy/tests/test_case_insensitive.py::test_contains[Building],TRUE,FALSE,victim,FALSE,FALSE
eppy,https://github.com/santoshphilip/eppy,98e58583dce6c0fcec9c7b1ff1142bae0a67ddc7,eppy/tests/test_case_insensitive.py::test_contains[building],TRUE,FALSE,victim,FALSE,FALSE
eppy,https://github.com/santoshphilip/eppy,98e58583dce6c0fcec9c7b1ff1142bae0a67ddc7,eppy/tests/test_case_insensitive.py::test_del[BUILDING],TRUE,FALSE,victim,FALSE,FALSE
eppy,https://github.com/santoshphilip/eppy,98e58583dce6c0fcec9c7b1ff1142bae0a67ddc7,eppy/tests/test_case_insensitive.py::test_del[BuIlDiNg],TRUE,FALSE,victim,FALSE,FALSE
eppy,https://github.com/santoshphilip/eppy,98e58583dce6c0fcec9c7b1ff1142bae0a67ddc7,eppy/tests/test_case_insensitive.py::test_del[Building],TRUE,FALSE,victim,FALSE,FALSE
eppy,https://github.com/santoshphilip/eppy,98e58583dce6c0fcec9c7b1ff1142bae0a67ddc7,eppy/tests/test_case_insensitive.py::test_del[building],TRUE,FALSE,victim,FALSE,FALSE
eppy,https://github.com/santoshphilip/eppy,98e58583dce6c0fcec9c7b1ff1142bae0a67ddc7,eppy/tests/test_case_insensitive.py::test_get_and_set[BUILDING],TRUE,FALSE,victim,FALSE,FALSE
eppy,https://github.com/santoshphilip/eppy,98e58583dce6c0fcec9c7b1ff1142bae0a67ddc7,eppy/tests/test_case_insensitive.py::test_get_and_set[BuIlDiNg],TRUE,FALSE,victim,FALSE,FALSE
eppy,https://github.com/santoshphilip/eppy,98e58583dce6c0fcec9c7b1ff1142bae0a67ddc7,eppy/tests/test_case_insensitive.py::test_get_and_set[Building],TRUE,FALSE,victim,FALSE,FALSE
eppy,https://github.com/santoshphilip/eppy,98e58583dce6c0fcec9c7b1ff1142bae0a67ddc7,eppy/tests/test_case_insensitive.py::test_get_and_set[building],TRUE,FALSE,victim,FALSE,FALSE
ext_pylib,https://github.com/hbradleyiii/ext_pylib,15a9b5a80db87b5f20e03ef6bfa015acf4bf8543,"tests/files/test_node.py::test_node_repr[atts0-{'path' : None, 'perms' : None, 'owner' : None, 'group' : None}]",TRUE,FALSE,victim,FALSE,FALSE
ext_pylib,https://github.com/hbradleyiii/ext_pylib,15a9b5a80db87b5f20e03ef6bfa015acf4bf8543,"tests/files/test_node.py::test_node_repr[atts1-{'path' : '/this/path/file', 'perms' : None, 'owner' : None, 'group' : None}]",TRUE,FALSE,victim,FALSE,FALSE
ext_pylib,https://github.com/hbradleyiii/ext_pylib,15a9b5a80db87b5f20e03ef6bfa015acf4bf8543,"tests/files/test_node.py::test_node_repr[atts2-{'path' : '/etc/path/file', 'perms' : 0o655, 'owner' : None, 'group' : None}]",TRUE,FALSE,victim,FALSE,FALSE
flask-smorest,https://github.com/marshmallow-code/flask-smorest,02e9e84def5ace80522c76b830fbef9930a28771,tests/test_pagination.py::TestPagination::test_pagination_max_page_size[app_fixture0-AppConfig-1000],TRUE,FALSE,victim,TRUE,TRUE
flask-smorest,https://github.com/marshmallow-code/flask-smorest,02e9e84def5ace80522c76b830fbef9930a28771,tests/test_pagination.py::TestPagination::test_pagination_max_page_size[app_fixture1-AppConfig-1000],TRUE,FALSE,victim,TRUE,TRUE
flask-smorest,https://github.com/marshmallow-code/flask-smorest,02e9e84def5ace80522c76b830fbef9930a28771,tests/test_pagination.py::TestPagination::test_pagination_max_page_size[app_fixture2-AppConfig-1000],TRUE,FALSE,victim,TRUE,TRUE
flask-smorest,https://github.com/marshmallow-code/flask-smorest,02e9e84def5ace80522c76b830fbef9930a28771,tests/test_pagination.py::TestPagination::test_pagination_max_page_size[app_fixture3-AppConfig-1000],TRUE,FALSE,victim,TRUE,TRUE
flask-smorest,https://github.com/marshmallow-code/flask-smorest,02e9e84def5ace80522c76b830fbef9930a28771,tests/test_pagination.py::TestPagination::test_pagination_max_page_size[app_fixture4-AppConfig-1000],TRUE,FALSE,victim,TRUE,TRUE
flask-smorest,https://github.com/marshmallow-code/flask-smorest,02e9e84def5ace80522c76b830fbef9930a28771,tests/test_pagination.py::TestPagination::test_pagination_max_page_size[app_fixture5-AppConfig-1000],TRUE,FALSE,victim,TRUE,TRUE
flask-smorest,https://github.com/marshmallow-code/flask-smorest,02e9e84def5ace80522c76b830fbef9930a28771,tests/test_pagination.py::TestPagination::test_pagination_max_page_size[app_fixture6-AppConfig-1000],TRUE,FALSE,victim,TRUE,TRUE
flask-smorest,https://github.com/marshmallow-code/flask-smorest,02e9e84def5ace80522c76b830fbef9930a28771,tests/test_pagination.py::TestPagination::test_pagination_max_page_size[app_fixture7-AppConfig-1000],TRUE,FALSE,victim,TRUE,TRUE
flask-smorest,https://github.com/marshmallow-code/flask-smorest,02e9e84def5ace80522c76b830fbef9930a28771,tests/test_pagination.py::TestPagination::test_pagination_min_page_page_size[app_fixture0-AppConfig-1000],TRUE,FALSE,victim,TRUE,TRUE
flask-smorest,https://github.com/marshmallow-code/flask-smorest,02e9e84def5ace80522c76b830fbef9930a28771,tests/test_pagination.py::TestPagination::test_pagination_min_page_page_size[app_fixture1-AppConfig-1000],TRUE,FALSE,victim,TRUE,TRUE
flask-smorest,https://github.com/marshmallow-code/flask-smorest,02e9e84def5ace80522c76b830fbef9930a28771,tests/test_pagination.py::TestPagination::test_pagination_min_page_page_size[app_fixture2-AppConfig-1000],TRUE,FALSE,victim,TRUE,TRUE
flask-smorest,https://github.com/marshmallow-code/flask-smorest,02e9e84def5ace80522c76b830fbef9930a28771,tests/test_pagination.py::TestPagination::test_pagination_min_page_page_size[app_fixture3-AppConfig-1000],TRUE,FALSE,victim,TRUE,TRUE
flask-smorest,https://github.com/marshmallow-code/flask-smorest,02e9e84def5ace80522c76b830fbef9930a28771,tests/test_pagination.py::TestPagination::test_pagination_min_page_page_size[app_fixture4-AppConfig-1000],TRUE,FALSE,victim,TRUE,TRUE
flask-smorest,https://github.com/marshmallow-code/flask-smorest,02e9e84def5ace80522c76b830fbef9930a28771,tests/test_pagination.py::TestPagination::test_pagination_min_page_page_size[app_fixture5-AppConfig-1000],TRUE,FALSE,victim,TRUE,TRUE
flask-smorest,https://github.com/marshmallow-code/flask-smorest,02e9e84def5ace80522c76b830fbef9930a28771,tests/test_pagination.py::TestPagination::test_pagination_min_page_page_size[app_fixture6-AppConfig-1000],TRUE,FALSE,victim,TRUE,TRUE
flask-smorest,https://github.com/marshmallow-code/flask-smorest,02e9e84def5ace80522c76b830fbef9930a28771,tests/test_pagination.py::TestPagination::test_pagination_min_page_page_size[app_fixture7-AppConfig-1000],TRUE,FALSE,victim,TRUE,TRUE
freezegun,https://github.com/spulec/freezegun,b46da782a7a051081fd51577749cfc0074db0cc6,tests/test_errors.py::test_ignore_errors_in_start[ImportError],TRUE,FALSE,victim,FALSE,FALSE
freezegun,https://github.com/spulec/freezegun,b46da782a7a051081fd51577749cfc0074db0cc6,tests/test_errors.py::test_ignore_errors_in_start[TypeError],TRUE,FALSE,victim,FALSE,FALSE
grabbit,https://github.com/grabbles/grabbit,83ff93df36019eaaee9d4e31f816a518e46cae07,grabbit/tests/test_core.py::TestLayout::test_init_with_exclude_arg[local],TRUE,FALSE,NOD,FALSE,
grabbit,https://github.com/grabbles/grabbit,83ff93df36019eaaee9d4e31f816a518e46cae07,grabbit/tests/test_core.py::TestLayout::test_init_with_include_arg[local],TRUE,FALSE,NOD,FALSE,
grabbit,https://github.com/grabbles/grabbit,83ff93df36019eaaee9d4e31f816a518e46cae07,grabbit/tests/test_core.py::TestLayout::test_natsort[local],TRUE,FALSE,NOD,FALSE,
grabbit,https://github.com/grabbles/grabbit,83ff93df36019eaaee9d4e31f816a518e46cae07,grabbit/tests/test_core.py::TestLayout::test_querying[local],TRUE,FALSE,NOD,FALSE,
grabbit,https://github.com/grabbles/grabbit,83ff93df36019eaaee9d4e31f816a518e46cae07,grabbit/tests/test_core.py::TestLayout::test_unique_and_count[local],TRUE,FALSE,NOD,FALSE,
gramhopper,https://github.com/OrBin/gramhopper,9396533d10bb469c77985ad931033f400479809b,tests/responses/test_preset_responses.py::TestPresetResponsesWithParameterMatrices::test_preset_document_response[payload1],FALSE,FALSE,passed,FALSE,FALSE
gramhopper,https://github.com/OrBin/gramhopper,9396533d10bb469c77985ad931033f400479809b,tests/responses/test_preset_responses.py::TestPresetResponsesWithParameterMatrices::test_preset_document_response[payload2],FALSE,FALSE,passed,FALSE,FALSE
gramhopper,https://github.com/OrBin/gramhopper,9396533d10bb469c77985ad931033f400479809b,tests/responses/test_preset_responses.py::TestPresetResponsesWithParameterMatrices::test_preset_message_response[one-None],FALSE,FALSE,passed,FALSE,FALSE
gramhopper,https://github.com/OrBin/gramhopper,9396533d10bb469c77985ad931033f400479809b,tests/responses/test_preset_responses.py::TestPresetResponsesWithParameterMatrices::test_preset_message_response[one-payload2],FALSE,FALSE,passed,FALSE,FALSE
gramhopper,https://github.com/OrBin/gramhopper,9396533d10bb469c77985ad931033f400479809b,tests/responses/test_preset_responses.py::TestPresetResponsesWithParameterMatrices::test_preset_message_response[preset_response1-None],FALSE,FALSE,passed,FALSE,FALSE
gramhopper,https://github.com/OrBin/gramhopper,9396533d10bb469c77985ad931033f400479809b,tests/responses/test_preset_responses.py::TestPresetResponsesWithParameterMatrices::test_preset_message_response[preset_response1-payload2],FALSE,FALSE,passed,FALSE,FALSE
gramhopper,https://github.com/OrBin/gramhopper,9396533d10bb469c77985ad931033f400479809b,tests/responses/test_preset_responses.py::TestPresetResponsesWithParameterMatrices::test_preset_reply_response[one-None],FALSE,FALSE,passed,FALSE,FALSE
gramhopper,https://github.com/OrBin/gramhopper,9396533d10bb469c77985ad931033f400479809b,tests/responses/test_preset_responses.py::TestPresetResponsesWithParameterMatrices::test_preset_reply_response[one-payload1],FALSE,FALSE,passed,FALSE,FALSE
gwopensci,https://github.com/duncanmmacleod/gwopensci,06b56ce506fda3af4857c8a1aae7bb60fb1925e9,gwosc/tests/test_timeline.py::test_get_segments[H1_DATA-1126051217-1126151217-result0],FALSE,FALSE,passed,FALSE,FALSE
gwopensci,https://github.com/duncanmmacleod/gwopensci,06b56ce506fda3af4857c8a1aae7bb60fb1925e9,gwosc/tests/test_timeline.py::test_get_segments[L1_DATA-1126259446-1126259478-result1],FALSE,FALSE,passed,FALSE,FALSE
python-httpproblem,https://github.com/cbornet/python-httpproblem,0b08139277e9cba02339eeb0996c0910d047274a,tests/test_problem.py::test_problem_http_response[1000-test_title-test_detail-test_type-test_instance-headers0-kwargs0-expected_body0-expected_headers0],TRUE,FALSE,victim,TRUE,FALSE
python-httpproblem,https://github.com/cbornet/python-httpproblem,0b08139277e9cba02339eeb0996c0910d047274a,tests/test_problem.py::test_problem_http_response[None-None-None-None-None-None-kwargs1-expected_body1-expected_headers1],TRUE,FALSE,victim,TRUE,FALSE
python-httpproblem,https://github.com/cbornet/python-httpproblem,0b08139277e9cba02339eeb0996c0910d047274a,tests/test_problem.py::test_problem_http_response[None-None-None-None-None-headers2-kwargs2-expected_body2-expected_headers2],TRUE,FALSE,victim,TRUE,FALSE
python-httpproblem,https://github.com/cbornet/python-httpproblem,0b08139277e9cba02339eeb0996c0910d047274a,tests/test_problem.py::test_problem_http_response[None-None-None-None-None-headers3-kwargs3-expected_body3-expected_headers3],TRUE,FALSE,victim,TRUE,FALSE
libearth,https://github.com/earthreader/libearth,71d2f3246eb0b6a3668a64e2242616d20b1d7dcd,tests/parsing_test.py::test_parse[daumwebtoon.xml-daumwebtoon.out.xml],FALSE,FALSE,passed,FALSE,FALSE
libearth,https://github.com/earthreader/libearth,71d2f3246eb0b6a3668a64e2242616d20b1d7dcd,tests/parsing_test.py::test_parse[imbcnews.xml-imbcnews.out.xml],FALSE,FALSE,passed,FALSE,FALSE
libearth,https://github.com/earthreader/libearth,71d2f3246eb0b6a3668a64e2242616d20b1d7dcd,tests/parsing_test.py::test_parse[lee-seungjae.xml-lee-seungjae.out.xml],FALSE,FALSE,passed,FALSE,FALSE
libearth,https://github.com/earthreader/libearth,71d2f3246eb0b6a3668a64e2242616d20b1d7dcd,tests/parsing_test.py::test_parse[msdn.xml-msdn.out.xml],FALSE,FALSE,passed,FALSE,FALSE
libearth,https://github.com/earthreader/libearth,71d2f3246eb0b6a3668a64e2242616d20b1d7dcd,tests/parsing_test.py::test_parse[naverblog-catmyo.xml-naverblog-catmyo.out.xml],FALSE,FALSE,passed,FALSE,FALSE
libearth,https://github.com/earthreader/libearth,71d2f3246eb0b6a3668a64e2242616d20b1d7dcd,tests/parsing_test.py::test_parse[yowayowacamera.xml-yowayowacamera.out.xml],FALSE,FALSE,passed,FALSE,FALSE
licenraptor,https://github.com/starofrainnight/licenraptor,ed543a2b43b75d733579509a78161928ac29234c,tests/test_db.py::TestRegisterFind::test_exisitng[MIT],TRUE,FALSE,NOD,FALSE,FALSE
mgun,https://github.com/maximdanilchenko/mgun,11540dd661afd2e8a18dd74ca0a5b416f671a4a1,tests/test_mgun.py::TestHttpRequests::test_post[first],FALSE,FALSE,passed,FALSE,FALSE
odinweb,https://github.com/python-odin/odinweb,198424133584acc18cb41c8d18d91f803abc810f,tests/test_containers.py::TestApiInterfaceBase::test_dispatch__exceptions[NotImplementedError-501],TRUE,FALSE,victim,TRUE,FALSE
odinweb,https://github.com/python-odin/odinweb,198424133584acc18cb41c8d18d91f803abc810f,tests/test_containers.py::TestApiInterfaceBase::test_dispatch__exceptions[ValueError-500],TRUE,FALSE,victim,TRUE,FALSE
odinweb,https://github.com/python-odin/odinweb,198424133584acc18cb41c8d18d91f803abc810f,tests/test_containers.py::TestApiInterfaceBase::test_dispatch__exceptions[error0-HTTPStatus.NOT_MODIFIED],TRUE,FALSE,victim,TRUE,FALSE
odinweb,https://github.com/python-odin/odinweb,198424133584acc18cb41c8d18d91f803abc810f,tests/test_containers.py::TestApiInterfaceBase::test_dispatch__exceptions[error1-400],TRUE,FALSE,victim,TRUE,FALSE
odinweb,https://github.com/python-odin/odinweb,198424133584acc18cb41c8d18d91f803abc810f,tests/test_containers.py::TestApiInterfaceBase::test_dispatch__exceptions[error2-400],TRUE,FALSE,victim,TRUE,FALSE
odinweb,https://github.com/python-odin/odinweb,198424133584acc18cb41c8d18d91f803abc810f,tests/test_containers.py::TestApiInterfaceBase::test_dispatch__exceptions[error5-500],TRUE,FALSE,victim,TRUE,FALSE
odinweb,https://github.com/python-odin/odinweb,198424133584acc18cb41c8d18d91f803abc810f,tests/test_containers.py::TestApiInterfaceBase::test_dispatch__invalid_headers[r1-406-URI not available in preferred format],TRUE,FALSE,victim,FALSE,FALSE
odinweb,https://github.com/python-odin/odinweb,198424133584acc18cb41c8d18d91f803abc810f,tests/test_containers.py::TestApiInterfaceBase::test_dispatch__invalid_headers[r2-405-Specified method is invalid for this resource],TRUE,FALSE,victim,FALSE,FALSE
plcx,https://github.com/Cognexa/plcx,2756c0ba78c4c9e572d95ba002708957bc55d4fa,plcx/tests/comm/test_client.py::test_clientx[123],TRUE,FALSE,victim,TRUE,FALSE
plcx,https://github.com/Cognexa/plcx,2756c0ba78c4c9e572d95ba002708957bc55d4fa,plcx/tests/comm/test_client.py::test_clientx[1],TRUE,FALSE,victim,TRUE,FALSE
plcx,https://github.com/Cognexa/plcx,2756c0ba78c4c9e572d95ba002708957bc55d4fa,plcx/tests/comm/test_client.py::test_clientx[hola],TRUE,FALSE,victim,TRUE,FALSE
plcx,https://github.com/Cognexa/plcx,2756c0ba78c4c9e572d95ba002708957bc55d4fa,plcx/tests/comm/test_client.py::test_clientx_context[111],TRUE,FALSE,victim,TRUE,FALSE
plcx,https://github.com/Cognexa/plcx,2756c0ba78c4c9e572d95ba002708957bc55d4fa,plcx/tests/comm/test_client.py::test_clientx_context[321],TRUE,FALSE,victim,TRUE,FALSE
plcx,https://github.com/Cognexa/plcx,2756c0ba78c4c9e572d95ba002708957bc55d4fa,plcx/tests/comm/test_client.py::test_clientx_context[hi],TRUE,FALSE,victim,TRUE,FALSE
pydu,https://github.com/Prodesire/pydu,4a1c2f15f7274d5079fb08b02ab1dbe08c0cefef,tests/test_misc.py::TestSuperLen::test_file[rb-0],FALSE,FALSE,passed,FALSE,FALSE
pyeventdispatcher,https://github.com/whisller/pyeventdispatcher,5382e5e8578dea89a76481e15d410d516999055a,test/test_pyeventdispatcher.py::TestRegister::test_it_allows_to_register[<lambda>],TRUE,FALSE,victim,FALSE,FALSE
pyeventdispatcher,https://github.com/whisller/pyeventdispatcher,5382e5e8578dea89a76481e15d410d516999055a,test/test_pyeventdispatcher.py::TestRegister::test_it_allows_to_register[call_on_event],TRUE,FALSE,victim,FALSE,FALSE
pyeventdispatcher,https://github.com/whisller/pyeventdispatcher,5382e5e8578dea89a76481e15d410d516999055a,test/test_pyeventdispatcher.py::TestRegister::test_listeners_executed_in_order[to_register0-First\nSecond\n],TRUE,FALSE,victim,FALSE,FALSE
pyeventdispatcher,https://github.com/whisller/pyeventdispatcher,5382e5e8578dea89a76481e15d410d516999055a,test/test_pyeventdispatcher.py::TestRegister::test_listeners_executed_in_order[to_register1-Second\nFirst\n],TRUE,FALSE,victim,FALSE,FALSE
pyswarms,https://github.com/ljvmiranda921/pyswarms,08756526f39699eef28e515cac2ead17cef55710,tests/optimizers/test_tolerance.py::TestToleranceOptions::test_ftol_effect[GeneralOptimizerPSO],TRUE,TRUE,victim,TRUE,TRUE
pyswarms,https://github.com/ljvmiranda921/pyswarms,08756526f39699eef28e515cac2ead17cef55710,tests/optimizers/test_tolerance.py::TestToleranceOptions::test_ftol_effect[GlobalBestPSO],TRUE,TRUE,victim,TRUE,TRUE
pyswarms,https://github.com/ljvmiranda921/pyswarms,08756526f39699eef28e515cac2ead17cef55710,tests/optimizers/test_tolerance.py::TestToleranceOptions::test_ftol_effect[LocalBestPSO],TRUE,TRUE,victim,TRUE,TRUE
pyswarms,https://github.com/ljvmiranda921/pyswarms,08756526f39699eef28e515cac2ead17cef55710,tests/optimizers/test_tolerance.py::TestToleranceOptions::test_no_ftol[GeneralOptimizerPSO],TRUE,TRUE,victim,TRUE,TRUE
pyswarms,https://github.com/ljvmiranda921/pyswarms,08756526f39699eef28e515cac2ead17cef55710,tests/optimizers/test_tolerance.py::TestToleranceOptions::test_no_ftol[GlobalBestPSO],TRUE,TRUE,victim,TRUE,TRUE
pyswarms,https://github.com/ljvmiranda921/pyswarms,08756526f39699eef28e515cac2ead17cef55710,tests/optimizers/test_tolerance.py::TestToleranceOptions::test_no_ftol[LocalBestPSO],TRUE,TRUE,victim,TRUE,TRUE
pytest-subtests,https://github.com/pytest-dev/pytest-subtests,96fc692a151f0709bf8ee209f8ce5d37b035f076,tests/test_subtests.py::TestSubTest::test_simple_terminal_verbose[unittest],FALSE,FALSE,passed,FALSE,FALSE
python-ansel,https://github.com/haney/python-ansel,afb2b28d8595beeb1f87e355b611f01e13b8e664,tests/test_incremental.py::test_decode_invalid_raising_error_handler[+],TRUE,FALSE,brittle,TRUE,
python-dugong,https://github.com/python-dugong/python-dugong,00dd4d5aab6eddb116cace2829a9f93bda153664,test/test_dugong.py::test_smallbuffer[plain-103],FALSE,FALSE,failed,FALSE,FALSE
python-protobix,https://github.com/jbfavre/python-protobix,96b7095a9c2485c9e1bdba098b7d82b93f91acb1,tests/test_memory_leak.py::test_long_run_for_memory_leak[items-2],FALSE,FALSE,passed,FALSE,FALSE
pyvesync_v2,https://github.com/webdjoe/pyvesync_v2,a5677b0599912fbc6dcc6604b0342e1edec92de1,src/tests/test_vesync_login.py::test_login[sam@mail.com-pass-correct],FALSE,FALSE,passed,FALSE,FALSE
qer,https://github.com/sputt/qer,c77e6777967ee660447beb9522c867a7233ef78d,tests/repos/test_pypi.py::test_python_requires_wheel_tags[https://pypi.org/numpy-1.16.3-cp37-cp37m-manylinux1_x86_64.whl#sha256=HASH],TRUE,FALSE,victim,FALSE,FALSE
qer,https://github.com/sputt/qer,c77e6777967ee660447beb9522c867a7233ef78d,tests/repos/test_pypi.py::test_python_requires_wheel_tags[https://pypi.org/numpy-1.16.3-cp37-cp37m-win_amd64.whl#sha256=HASH],TRUE,FALSE,victim,FALSE,FALSE
qer,https://github.com/sputt/qer,c77e6777967ee660447beb9522c867a7233ef78d,tests/repos/test_pypi.py::test_python_requires_wheel_tags[https://pypi.org/numpy-1.16.3.zip#sha256=HASH],TRUE,FALSE,victim,FALSE,FALSE
qer,https://github.com/sputt/qer,c77e6777967ee660447beb9522c867a7233ef78d,tests/test_extractor.py::test_extractor[mock_targz],TRUE,FALSE,victim,FALSE,FALSE
qer,https://github.com/sputt/qer,c77e6777967ee660447beb9522c867a7233ef78d,tests/test_extractor.py::test_extractor[mock_zip0],TRUE,FALSE,victim,FALSE,FALSE
qer,https://github.com/sputt/qer,c77e6777967ee660447beb9522c867a7233ef78d,tests/test_extractor.py::test_extractor[mock_zip1],TRUE,FALSE,victim,FALSE,FALSE
qer,https://github.com/sputt/qer,c77e6777967ee660447beb9522c867a7233ef78d,tests/test_metadata.py::test_source_dist[file-iter-7.2.0-file-iter-7.2.0-None-mock_zip],FALSE,FALSE,passed,FALSE,FALSE
rarfile,https://github.com/markokr/rarfile,65810aceeb872ed61ec14cb615ed12feefbbb89e,test/test_extract.py::test_readonly[test/files/rar5-readonly-win.rar],FALSE,FALSE,failed,FALSE,FALSE
rarfile,https://github.com/markokr/rarfile,65810aceeb872ed61ec14cb615ed12feefbbb89e,test/test_extract.py::test_symlink[test/files/rar3-symlink-unix.rar],FALSE,FALSE,passed,FALSE,FALSE
reframe,https://github.com/eth-cscs/reframe,576eb3f1dcc015d1e6d7a10602c748d4f810da68,unittests/test_policies.py::test_dependencies[AsynchronousExecutionPolicy],TRUE,FALSE,NOD,FALSE,
reframe,https://github.com/eth-cscs/reframe,576eb3f1dcc015d1e6d7a10602c748d4f810da68,unittests/test_policies.py::test_dependencies[SerialExecutionPolicy],TRUE,FALSE,brittle,TRUE,
reframe,https://github.com/eth-cscs/reframe,576eb3f1dcc015d1e6d7a10602c748d4f810da68,unittests/test_policies.py::test_dependencies_with_retries[AsynchronousExecutionPolicy],TRUE,FALSE,NOD,FALSE,
reframe,https://github.com/eth-cscs/reframe,576eb3f1dcc015d1e6d7a10602c748d4f810da68,unittests/test_policies.py::test_dependencies_with_retries[SerialExecutionPolicy],TRUE,FALSE,brittle,TRUE,
reframe,https://github.com/eth-cscs/reframe,576eb3f1dcc015d1e6d7a10602c748d4f810da68,unittests/test_policies.py::test_kbd_interrupt_within_test[AsynchronousExecutionPolicy],FALSE,FALSE,passed,FALSE,FALSE
reframe,https://github.com/eth-cscs/reframe,576eb3f1dcc015d1e6d7a10602c748d4f810da68,unittests/test_policies.py::test_kbd_interrupt_within_test[SerialExecutionPolicy],FALSE,FALSE,passed,FALSE,FALSE
reframe,https://github.com/eth-cscs/reframe,576eb3f1dcc015d1e6d7a10602c748d4f810da68,unittests/test_policies.py::test_pass_in_retries[AsynchronousExecutionPolicy],TRUE,FALSE,NOD,FALSE,
reframe,https://github.com/eth-cscs/reframe,576eb3f1dcc015d1e6d7a10602c748d4f810da68,unittests/test_policies.py::test_pass_in_retries[SerialExecutionPolicy],TRUE,FALSE,NOD,FALSE,
reframe,https://github.com/eth-cscs/reframe,576eb3f1dcc015d1e6d7a10602c748d4f810da68,unittests/test_policies.py::test_retries_bad_check[AsynchronousExecutionPolicy],TRUE,FALSE,NOD,FALSE,
reframe,https://github.com/eth-cscs/reframe,576eb3f1dcc015d1e6d7a10602c748d4f810da68,unittests/test_policies.py::test_retries_bad_check[SerialExecutionPolicy],TRUE,FALSE,NOD,FALSE,
reframe,https://github.com/eth-cscs/reframe,576eb3f1dcc015d1e6d7a10602c748d4f810da68,unittests/test_policies.py::test_retries_good_check[SerialExecutionPolicy],FALSE,FALSE,passed,FALSE,FALSE
reframe,https://github.com/eth-cscs/reframe,576eb3f1dcc015d1e6d7a10602c748d4f810da68,unittests/test_policies.py::test_runall[AsynchronousExecutionPolicy],TRUE,FALSE,NOD,FALSE,
reframe,https://github.com/eth-cscs/reframe,576eb3f1dcc015d1e6d7a10602c748d4f810da68,unittests/test_policies.py::test_runall[SerialExecutionPolicy],TRUE,FALSE,NOD,FALSE,
reframe,https://github.com/eth-cscs/reframe,576eb3f1dcc015d1e6d7a10602c748d4f810da68,unittests/test_policies.py::test_runall_skip_performance_check[AsynchronousExecutionPolicy],TRUE,FALSE,NOD,FALSE,
reframe,https://github.com/eth-cscs/reframe,576eb3f1dcc015d1e6d7a10602c748d4f810da68,unittests/test_policies.py::test_runall_skip_performance_check[SerialExecutionPolicy],TRUE,FALSE,NOD,FALSE,
reframe,https://github.com/eth-cscs/reframe,576eb3f1dcc015d1e6d7a10602c748d4f810da68,unittests/test_policies.py::test_runall_skip_prgenv_check[AsynchronousExecutionPolicy],TRUE,FALSE,NOD,FALSE,
reframe,https://github.com/eth-cscs/reframe,576eb3f1dcc015d1e6d7a10602c748d4f810da68,unittests/test_policies.py::test_runall_skip_prgenv_check[SerialExecutionPolicy],TRUE,FALSE,NOD,FALSE,
reframe,https://github.com/eth-cscs/reframe,576eb3f1dcc015d1e6d7a10602c748d4f810da68,unittests/test_policies.py::test_runall_skip_sanity_check[AsynchronousExecutionPolicy],TRUE,FALSE,NOD,FALSE,
reframe,https://github.com/eth-cscs/reframe,576eb3f1dcc015d1e6d7a10602c748d4f810da68,unittests/test_policies.py::test_runall_skip_sanity_check[SerialExecutionPolicy],TRUE,FALSE,NOD,FALSE,
reframe,https://github.com/eth-cscs/reframe,576eb3f1dcc015d1e6d7a10602c748d4f810da68,unittests/test_policies.py::test_runall_skip_system_check[AsynchronousExecutionPolicy],TRUE,FALSE,NOD,FALSE,
reframe,https://github.com/eth-cscs/reframe,576eb3f1dcc015d1e6d7a10602c748d4f810da68,unittests/test_policies.py::test_runall_skip_system_check[SerialExecutionPolicy],TRUE,FALSE,NOD,FALSE,
reframe,https://github.com/eth-cscs/reframe,576eb3f1dcc015d1e6d7a10602c748d4f810da68,unittests/test_policies.py::test_sigterm_handling[AsynchronousExecutionPolicy],TRUE,FALSE,NOD,FALSE,
reframe,https://github.com/eth-cscs/reframe,576eb3f1dcc015d1e6d7a10602c748d4f810da68,unittests/test_policies.py::test_sigterm_handling[SerialExecutionPolicy],FALSE,FALSE,passed,FALSE,FALSE
reframe,https://github.com/eth-cscs/reframe,576eb3f1dcc015d1e6d7a10602c748d4f810da68,unittests/test_policies.py::test_strict_performance_check[AsynchronousExecutionPolicy],TRUE,FALSE,NOD,FALSE,
reframe,https://github.com/eth-cscs/reframe,576eb3f1dcc015d1e6d7a10602c748d4f810da68,unittests/test_policies.py::test_strict_performance_check[SerialExecutionPolicy],TRUE,FALSE,NOD,FALSE,
reframe,https://github.com/eth-cscs/reframe,576eb3f1dcc015d1e6d7a10602c748d4f810da68,unittests/test_schedulers.py::test_cancel[local],TRUE,FALSE,brittle,TRUE,
reframe,https://github.com/eth-cscs/reframe,576eb3f1dcc015d1e6d7a10602c748d4f810da68,unittests/test_schedulers.py::test_cancel_before_submit[local],TRUE,FALSE,brittle,TRUE,
reframe,https://github.com/eth-cscs/reframe,576eb3f1dcc015d1e6d7a10602c748d4f810da68,unittests/test_schedulers.py::test_cancel_before_submit[pbs],TRUE,FALSE,brittle,TRUE,
reframe,https://github.com/eth-cscs/reframe,576eb3f1dcc015d1e6d7a10602c748d4f810da68,unittests/test_schedulers.py::test_cancel_before_submit[slurm],TRUE,FALSE,brittle,TRUE,
reframe,https://github.com/eth-cscs/reframe,576eb3f1dcc015d1e6d7a10602c748d4f810da68,unittests/test_schedulers.py::test_cancel_before_submit[squeue],TRUE,FALSE,brittle,TRUE,
reframe,https://github.com/eth-cscs/reframe,576eb3f1dcc015d1e6d7a10602c748d4f810da68,unittests/test_schedulers.py::test_cancel_before_submit[torque],TRUE,FALSE,brittle,TRUE,
reframe,https://github.com/eth-cscs/reframe,576eb3f1dcc015d1e6d7a10602c748d4f810da68,unittests/test_schedulers.py::test_cancel_term_ignore[local],TRUE,FALSE,brittle,TRUE,
reframe,https://github.com/eth-cscs/reframe,576eb3f1dcc015d1e6d7a10602c748d4f810da68,unittests/test_schedulers.py::test_cancel_with_grace[local],TRUE,FALSE,brittle,TRUE,
reframe,https://github.com/eth-cscs/reframe,576eb3f1dcc015d1e6d7a10602c748d4f810da68,unittests/test_schedulers.py::test_combined_access_constraint[slurm],TRUE,FALSE,brittle,TRUE,
reframe,https://github.com/eth-cscs/reframe,576eb3f1dcc015d1e6d7a10602c748d4f810da68,unittests/test_schedulers.py::test_combined_access_constraint[squeue],TRUE,FALSE,brittle,TRUE,
reframe,https://github.com/eth-cscs/reframe,576eb3f1dcc015d1e6d7a10602c748d4f810da68,unittests/test_schedulers.py::test_combined_access_multiple_constraints[slurm],TRUE,FALSE,brittle,TRUE,
reframe,https://github.com/eth-cscs/reframe,576eb3f1dcc015d1e6d7a10602c748d4f810da68,unittests/test_schedulers.py::test_combined_access_multiple_constraints[squeue],FALSE,FALSE,failed,FALSE,FALSE
reframe,https://github.com/eth-cscs/reframe,576eb3f1dcc015d1e6d7a10602c748d4f810da68,unittests/test_schedulers.py::test_combined_access_verbatim_constraint[slurm],TRUE,FALSE,brittle,TRUE,
reframe,https://github.com/eth-cscs/reframe,576eb3f1dcc015d1e6d7a10602c748d4f810da68,unittests/test_schedulers.py::test_combined_access_verbatim_constraint[squeue],FALSE,FALSE,failed,FALSE,FALSE
reframe,https://github.com/eth-cscs/reframe,576eb3f1dcc015d1e6d7a10602c748d4f810da68,unittests/test_schedulers.py::test_guess_num_tasks[local],FALSE,FALSE,failed,FALSE,FALSE
reframe,https://github.com/eth-cscs/reframe,576eb3f1dcc015d1e6d7a10602c748d4f810da68,unittests/test_schedulers.py::test_guess_num_tasks[pbs],FALSE,FALSE,failed,FALSE,FALSE
reframe,https://github.com/eth-cscs/reframe,576eb3f1dcc015d1e6d7a10602c748d4f810da68,unittests/test_schedulers.py::test_guess_num_tasks[slurm],TRUE,FALSE,brittle,TRUE,
reframe,https://github.com/eth-cscs/reframe,576eb3f1dcc015d1e6d7a10602c748d4f810da68,unittests/test_schedulers.py::test_guess_num_tasks[squeue],TRUE,FALSE,brittle,TRUE,
reframe,https://github.com/eth-cscs/reframe,576eb3f1dcc015d1e6d7a10602c748d4f810da68,unittests/test_schedulers.py::test_guess_num_tasks[torque],TRUE,FALSE,brittle,TRUE,
reframe,https://github.com/eth-cscs/reframe,576eb3f1dcc015d1e6d7a10602c748d4f810da68,unittests/test_schedulers.py::test_no_empty_lines_in_preamble[pbs],TRUE,FALSE,brittle,TRUE,
reframe,https://github.com/eth-cscs/reframe,576eb3f1dcc015d1e6d7a10602c748d4f810da68,unittests/test_schedulers.py::test_no_empty_lines_in_preamble[slurm],TRUE,FALSE,brittle,TRUE,
reframe,https://github.com/eth-cscs/reframe,576eb3f1dcc015d1e6d7a10602c748d4f810da68,unittests/test_schedulers.py::test_no_empty_lines_in_preamble[squeue],TRUE,FALSE,brittle,TRUE,
reframe,https://github.com/eth-cscs/reframe,576eb3f1dcc015d1e6d7a10602c748d4f810da68,unittests/test_schedulers.py::test_no_empty_lines_in_preamble[torque],TRUE,FALSE,brittle,TRUE,
reframe,https://github.com/eth-cscs/reframe,576eb3f1dcc015d1e6d7a10602c748d4f810da68,unittests/test_schedulers.py::test_poll[local],FALSE,FALSE,failed,FALSE,FALSE
reframe,https://github.com/eth-cscs/reframe,576eb3f1dcc015d1e6d7a10602c748d4f810da68,unittests/test_schedulers.py::test_poll_before_submit[local],TRUE,FALSE,brittle,TRUE,
reframe,https://github.com/eth-cscs/reframe,576eb3f1dcc015d1e6d7a10602c748d4f810da68,unittests/test_schedulers.py::test_poll_before_submit[pbs],TRUE,FALSE,brittle,TRUE,
reframe,https://github.com/eth-cscs/reframe,576eb3f1dcc015d1e6d7a10602c748d4f810da68,unittests/test_schedulers.py::test_poll_before_submit[slurm],TRUE,FALSE,brittle,TRUE,
reframe,https://github.com/eth-cscs/reframe,576eb3f1dcc015d1e6d7a10602c748d4f810da68,unittests/test_schedulers.py::test_poll_before_submit[squeue],TRUE,FALSE,brittle,TRUE,
reframe,https://github.com/eth-cscs/reframe,576eb3f1dcc015d1e6d7a10602c748d4f810da68,unittests/test_schedulers.py::test_poll_before_submit[torque],TRUE,FALSE,brittle,TRUE,
reframe,https://github.com/eth-cscs/reframe,576eb3f1dcc015d1e6d7a10602c748d4f810da68,unittests/test_schedulers.py::test_prepare[local],TRUE,FALSE,brittle,TRUE,
reframe,https://github.com/eth-cscs/reframe,576eb3f1dcc015d1e6d7a10602c748d4f810da68,unittests/test_schedulers.py::test_prepare[pbs],TRUE,FALSE,brittle,TRUE,
reframe,https://github.com/eth-cscs/reframe,576eb3f1dcc015d1e6d7a10602c748d4f810da68,unittests/test_schedulers.py::test_prepare[slurm],TRUE,FALSE,brittle,TRUE,
reframe,https://github.com/eth-cscs/reframe,576eb3f1dcc015d1e6d7a10602c748d4f810da68,unittests/test_schedulers.py::test_prepare[squeue],TRUE,FALSE,brittle,TRUE,
reframe,https://github.com/eth-cscs/reframe,576eb3f1dcc015d1e6d7a10602c748d4f810da68,unittests/test_schedulers.py::test_prepare[torque],TRUE,FALSE,brittle,TRUE,
reframe,https://github.com/eth-cscs/reframe,576eb3f1dcc015d1e6d7a10602c748d4f810da68,unittests/test_schedulers.py::test_prepare_no_exclusive[slurm],TRUE,FALSE,brittle,TRUE,
reframe,https://github.com/eth-cscs/reframe,576eb3f1dcc015d1e6d7a10602c748d4f810da68,unittests/test_schedulers.py::test_prepare_no_exclusive[squeue],TRUE,FALSE,brittle,TRUE,
reframe,https://github.com/eth-cscs/reframe,576eb3f1dcc015d1e6d7a10602c748d4f810da68,unittests/test_schedulers.py::test_prepare_no_smt[slurm],FALSE,FALSE,failed,FALSE,FALSE
reframe,https://github.com/eth-cscs/reframe,576eb3f1dcc015d1e6d7a10602c748d4f810da68,unittests/test_schedulers.py::test_prepare_no_smt[squeue],TRUE,FALSE,brittle,TRUE,
reframe,https://github.com/eth-cscs/reframe,576eb3f1dcc015d1e6d7a10602c748d4f810da68,unittests/test_schedulers.py::test_prepare_with_smt[slurm],TRUE,FALSE,brittle,TRUE,
reframe,https://github.com/eth-cscs/reframe,576eb3f1dcc015d1e6d7a10602c748d4f810da68,unittests/test_schedulers.py::test_prepare_with_smt[squeue],TRUE,FALSE,brittle,TRUE,
reframe,https://github.com/eth-cscs/reframe,576eb3f1dcc015d1e6d7a10602c748d4f810da68,unittests/test_schedulers.py::test_prepare_without_smt[slurm],FALSE,FALSE,failed,FALSE,FALSE
reframe,https://github.com/eth-cscs/reframe,576eb3f1dcc015d1e6d7a10602c748d4f810da68,unittests/test_schedulers.py::test_prepare_without_smt[squeue],TRUE,FALSE,brittle,TRUE,
reframe,https://github.com/eth-cscs/reframe,576eb3f1dcc015d1e6d7a10602c748d4f810da68,unittests/test_schedulers.py::test_submit[local],TRUE,FALSE,brittle,TRUE,
reframe,https://github.com/eth-cscs/reframe,576eb3f1dcc015d1e6d7a10602c748d4f810da68,unittests/test_schedulers.py::test_submit_timelimit[local],TRUE,FALSE,brittle,TRUE,
reframe,https://github.com/eth-cscs/reframe,576eb3f1dcc015d1e6d7a10602c748d4f810da68,unittests/test_schedulers.py::test_wait_before_submit[local],TRUE,FALSE,brittle,TRUE,
reframe,https://github.com/eth-cscs/reframe,576eb3f1dcc015d1e6d7a10602c748d4f810da68,unittests/test_schedulers.py::test_wait_before_submit[pbs],TRUE,FALSE,brittle,TRUE,
reframe,https://github.com/eth-cscs/reframe,576eb3f1dcc015d1e6d7a10602c748d4f810da68,unittests/test_schedulers.py::test_wait_before_submit[slurm],TRUE,FALSE,brittle,TRUE,
reframe,https://github.com/eth-cscs/reframe,576eb3f1dcc015d1e6d7a10602c748d4f810da68,unittests/test_schedulers.py::test_wait_before_submit[squeue],TRUE,FALSE,brittle,TRUE,
reframe,https://github.com/eth-cscs/reframe,576eb3f1dcc015d1e6d7a10602c748d4f810da68,unittests/test_schedulers.py::test_wait_before_submit[torque],TRUE,FALSE,brittle,TRUE,
region_cache,https://github.com/Teamworksapp/region_cache,8b2ae3ce4bb348c23a84d5fec546609e80579b94,tests/test_region_cache.py::test_cached[app1],FALSE,FALSE,failed,FALSE,FALSE
region_cache,https://github.com/Teamworksapp/region_cache,8b2ae3ce4bb348c23a84d5fec546609e80579b94,tests/test_region_cache.py::test_cached[app3],FALSE,FALSE,failed,FALSE,FALSE
region_cache,https://github.com/Teamworksapp/region_cache,8b2ae3ce4bb348c23a84d5fec546609e80579b94,tests/test_region_cache.py::test_cached[app4],FALSE,FALSE,failed,FALSE,FALSE
region_cache,https://github.com/Teamworksapp/region_cache,8b2ae3ce4bb348c23a84d5fec546609e80579b94,tests/test_region_cache.py::test_children[app3],FALSE,FALSE,failed,FALSE,FALSE
region_cache,https://github.com/Teamworksapp/region_cache,8b2ae3ce4bb348c23a84d5fec546609e80579b94,tests/test_region_cache.py::test_children[app4],FALSE,FALSE,failed,FALSE,FALSE
region_cache,https://github.com/Teamworksapp/region_cache,8b2ae3ce4bb348c23a84d5fec546609e80579b94,tests/test_region_cache.py::test_get_or_compute[app0],FALSE,FALSE,failed,FALSE,FALSE
region_cache,https://github.com/Teamworksapp/region_cache,8b2ae3ce4bb348c23a84d5fec546609e80579b94,tests/test_region_cache.py::test_get_or_compute[app1],FALSE,FALSE,failed,FALSE,FALSE
region_cache,https://github.com/Teamworksapp/region_cache,8b2ae3ce4bb348c23a84d5fec546609e80579b94,tests/test_region_cache.py::test_get_or_compute[app2],FALSE,FALSE,failed,FALSE,FALSE
region_cache,https://github.com/Teamworksapp/region_cache,8b2ae3ce4bb348c23a84d5fec546609e80579b94,tests/test_region_cache.py::test_get_or_compute[app4],FALSE,FALSE,failed,FALSE,FALSE
region_cache,https://github.com/Teamworksapp/region_cache,8b2ae3ce4bb348c23a84d5fec546609e80579b94,tests/test_region_cache.py::test_init_app[app2],FALSE,FALSE,failed,FALSE,FALSE
region_cache,https://github.com/Teamworksapp/region_cache,8b2ae3ce4bb348c23a84d5fec546609e80579b94,tests/test_region_cache.py::test_init_app[app3],FALSE,FALSE,failed,FALSE,FALSE
region_cache,https://github.com/Teamworksapp/region_cache,8b2ae3ce4bb348c23a84d5fec546609e80579b94,tests/test_region_cache.py::test_invalidate[app0],FALSE,FALSE,failed,FALSE,FALSE
region_cache,https://github.com/Teamworksapp/region_cache,8b2ae3ce4bb348c23a84d5fec546609e80579b94,tests/test_region_cache.py::test_invalidate[app2],FALSE,FALSE,failed,FALSE,FALSE
region_cache,https://github.com/Teamworksapp/region_cache,8b2ae3ce4bb348c23a84d5fec546609e80579b94,tests/test_region_cache.py::test_invalidate[app3],FALSE,FALSE,failed,FALSE,FALSE
region_cache,https://github.com/Teamworksapp/region_cache,8b2ae3ce4bb348c23a84d5fec546609e80579b94,tests/test_region_cache.py::test_invalidate[app4],FALSE,FALSE,failed,FALSE,FALSE
region_cache,https://github.com/Teamworksapp/region_cache,8b2ae3ce4bb348c23a84d5fec546609e80579b94,tests/test_region_cache.py::test_invalidate_connections[app2],FALSE,FALSE,failed,FALSE,FALSE
region_cache,https://github.com/Teamworksapp/region_cache,8b2ae3ce4bb348c23a84d5fec546609e80579b94,tests/test_region_cache.py::test_invalidate_connections[app3],FALSE,FALSE,failed,FALSE,FALSE
region_cache,https://github.com/Teamworksapp/region_cache,8b2ae3ce4bb348c23a84d5fec546609e80579b94,tests/test_region_cache.py::test_invalidate_on[app1],FALSE,FALSE,failed,FALSE,FALSE
region_cache,https://github.com/Teamworksapp/region_cache,8b2ae3ce4bb348c23a84d5fec546609e80579b94,tests/test_region_cache.py::test_invalidate_on[app2],FALSE,FALSE,failed,FALSE,FALSE
region_cache,https://github.com/Teamworksapp/region_cache,8b2ae3ce4bb348c23a84d5fec546609e80579b94,tests/test_region_cache.py::test_invalidate_on[app3],FALSE,FALSE,failed,FALSE,FALSE
region_cache,https://github.com/Teamworksapp/region_cache,8b2ae3ce4bb348c23a84d5fec546609e80579b94,tests/test_region_cache.py::test_invalidate_region[app0],FALSE,FALSE,failed,FALSE,FALSE
region_cache,https://github.com/Teamworksapp/region_cache,8b2ae3ce4bb348c23a84d5fec546609e80579b94,tests/test_region_cache.py::test_items[app3],FALSE,FALSE,failed,FALSE,FALSE
region_cache,https://github.com/Teamworksapp/region_cache,8b2ae3ce4bb348c23a84d5fec546609e80579b94,tests/test_region_cache.py::test_items[app4],FALSE,FALSE,failed,FALSE,FALSE
region_cache,https://github.com/Teamworksapp/region_cache,8b2ae3ce4bb348c23a84d5fec546609e80579b94,tests/test_region_cache.py::test_iter[app0],FALSE,FALSE,failed,FALSE,FALSE
region_cache,https://github.com/Teamworksapp/region_cache,8b2ae3ce4bb348c23a84d5fec546609e80579b94,tests/test_region_cache.py::test_iter[app1],FALSE,FALSE,failed,FALSE,FALSE
region_cache,https://github.com/Teamworksapp/region_cache,8b2ae3ce4bb348c23a84d5fec546609e80579b94,tests/test_region_cache.py::test_iter[app4],FALSE,FALSE,failed,FALSE,FALSE
region_cache,https://github.com/Teamworksapp/region_cache,8b2ae3ce4bb348c23a84d5fec546609e80579b94,tests/test_region_cache.py::test_reconnect_backoff[app1],FALSE,FALSE,failed,FALSE,FALSE
region_cache,https://github.com/Teamworksapp/region_cache,8b2ae3ce4bb348c23a84d5fec546609e80579b94,tests/test_region_cache.py::test_reconnect_backoff[app2],FALSE,FALSE,failed,FALSE,FALSE
region_cache,https://github.com/Teamworksapp/region_cache,8b2ae3ce4bb348c23a84d5fec546609e80579b94,tests/test_region_cache.py::test_reconnect_backoff[app4],FALSE,FALSE,failed,FALSE,FALSE
region_cache,https://github.com/Teamworksapp/region_cache,8b2ae3ce4bb348c23a84d5fec546609e80579b94,tests/test_region_cache.py::test_region_context_manager[app0],FALSE,FALSE,failed,FALSE,FALSE
region_cache,https://github.com/Teamworksapp/region_cache,8b2ae3ce4bb348c23a84d5fec546609e80579b94,tests/test_region_cache.py::test_region_context_manager[app4],FALSE,FALSE,failed,FALSE,FALSE
region_cache,https://github.com/Teamworksapp/region_cache,8b2ae3ce4bb348c23a84d5fec546609e80579b94,tests/test_region_cache.py::test_subregions[app0],FALSE,FALSE,failed,FALSE,FALSE
region_cache,https://github.com/Teamworksapp/region_cache,8b2ae3ce4bb348c23a84d5fec546609e80579b94,tests/test_region_cache.py::test_subregions[app2],FALSE,FALSE,failed,FALSE,FALSE
region_cache,https://github.com/Teamworksapp/region_cache,8b2ae3ce4bb348c23a84d5fec546609e80579b94,tests/test_region_cache.py::test_subregions[app3],FALSE,FALSE,failed,FALSE,FALSE
region_cache,https://github.com/Teamworksapp/region_cache,8b2ae3ce4bb348c23a84d5fec546609e80579b94,tests/test_region_cache.py::test_subregions[app4],FALSE,FALSE,failed,FALSE,FALSE
region_cache,https://github.com/Teamworksapp/region_cache,8b2ae3ce4bb348c23a84d5fec546609e80579b94,tests/test_region_cache.py::test_timeout_with_context[app0],FALSE,FALSE,failed,FALSE,FALSE
region_cache,https://github.com/Teamworksapp/region_cache,8b2ae3ce4bb348c23a84d5fec546609e80579b94,tests/test_region_cache.py::test_timeout_with_context[app2],FALSE,FALSE,failed,FALSE,FALSE
req-compile,https://github.com/sputt/req-compile,c77e6777967ee660447beb9522c867a7233ef78d,tests/repos/test_pypi.py::test_python_requires_wheel_tags[https://pypi.org/numpy-1.16.3-cp37-cp37m-manylinux1_x86_64.whl#sha256=HASH],TRUE,FALSE,victim,FALSE,FALSE
req-compile,https://github.com/sputt/req-compile,c77e6777967ee660447beb9522c867a7233ef78d,tests/repos/test_pypi.py::test_python_requires_wheel_tags[https://pypi.org/numpy-1.16.3-cp37-cp37m-win_amd64.whl#sha256=HASH],TRUE,FALSE,victim,FALSE,FALSE
req-compile,https://github.com/sputt/req-compile,c77e6777967ee660447beb9522c867a7233ef78d,tests/repos/test_pypi.py::test_python_requires_wheel_tags[https://pypi.org/numpy-1.16.3.zip#sha256=HASH],TRUE,FALSE,victim,FALSE,FALSE
req-compile,https://github.com/sputt/req-compile,c77e6777967ee660447beb9522c867a7233ef78d,tests/test_extractor.py::test_extractor[mock_targz],TRUE,FALSE,victim,FALSE,FALSE
req-compile,https://github.com/sputt/req-compile,c77e6777967ee660447beb9522c867a7233ef78d,tests/test_extractor.py::test_extractor[mock_zip0],TRUE,FALSE,victim,FALSE,FALSE
req-compile,https://github.com/sputt/req-compile,c77e6777967ee660447beb9522c867a7233ef78d,tests/test_extractor.py::test_extractor[mock_zip1],TRUE,FALSE,victim,FALSE,FALSE
saga,https://github.com/saga-vcs/saga,7beaae8831696ce813aa85620387e416719198db,tests/test_excel.py::test_merge[tests/merges/xlsx/change_rows],TRUE,FALSE,victim,TRUE,FALSE
saga,https://github.com/saga-vcs/saga,7beaae8831696ce813aa85620387e416719198db,tests/test_excel.py::test_merge[tests/merges/xlsx/existing_file],TRUE,FALSE,victim,TRUE,FALSE
saga,https://github.com/saga-vcs/saga,7beaae8831696ce813aa85620387e416719198db,tests/test_excel.py::test_merge[tests/merges/xlsx/new_row_init_empty],TRUE,FALSE,victim,TRUE,FALSE
saga,https://github.com/saga-vcs/saga,7beaae8831696ce813aa85620387e416719198db,tests/test_excel.py::test_merge[tests/merges/xlsx/new_string],TRUE,FALSE,victim,TRUE,FALSE
saga,https://github.com/saga-vcs/saga,7beaae8831696ce813aa85620387e416719198db,tests/test_excel.py::test_merge[tests/merges/xlsx/shift],TRUE,FALSE,victim,TRUE,FALSE
saga,https://github.com/saga-vcs/saga,7beaae8831696ce813aa85620387e416719198db,tests/test_excel.py::test_merge[tests/merges/xlsx/single_element],TRUE,FALSE,victim,TRUE,FALSE
saga,https://github.com/saga-vcs/saga,7beaae8831696ce813aa85620387e416719198db,tests/test_excel.py::test_merge[tests/merges/xlsx/string_and_number],TRUE,FALSE,victim,TRUE,FALSE
saga,https://github.com/saga-vcs/saga,7beaae8831696ce813aa85620387e416719198db,tests/test_text.py::test_merge[tests/merges/txt/add_in_both],TRUE,FALSE,victim,TRUE,FALSE
saga,https://github.com/saga-vcs/saga,7beaae8831696ce813aa85620387e416719198db,tests/test_text.py::test_merge[tests/merges/txt/add_in_middle],TRUE,FALSE,victim,TRUE,FALSE
saga,https://github.com/saga-vcs/saga,7beaae8831696ce813aa85620387e416719198db,tests/test_text.py::test_merge[tests/merges/txt/add_line],TRUE,FALSE,victim,TRUE,FALSE
saga,https://github.com/saga-vcs/saga,7beaae8831696ce813aa85620387e416719198db,tests/test_text.py::test_merge[tests/merges/txt/remove_in_both],TRUE,FALSE,victim,TRUE,FALSE
saga,https://github.com/saga-vcs/saga,7beaae8831696ce813aa85620387e416719198db,tests/test_text.py::test_merge[tests/merges/txt/remove_line],TRUE,FALSE,victim,TRUE,FALSE
sanic-envconfig,https://github.com/jamesstidard/sanic-envconfig,c68e09def2ce04c7ab91e443680ff64dc2ef61e1,tests/test_envconfig.py::test_env_override[ATTRIBUTE_FLOAT-float-3.14-3.14],FALSE,FALSE,failed,FALSE,FALSE
sanic-envconfig,https://github.com/jamesstidard/sanic-envconfig,c68e09def2ce04c7ab91e443680ff64dc2ef61e1,tests/test_envconfig.py::test_env_override[ATTRIBUTE_INT-int-12345-12345],FALSE,FALSE,failed,FALSE,FALSE
supertunnel,https://github.com/alexrudy/supertunnel,4c64e2fedda3382b809a2c3d01c711ec4961f933,supertunnel/ssh/continuous_test.py::test_ssh_log_line[Entering interactive session-Action.CONNECTED],TRUE,FALSE,brittle,FALSE,FALSE
supertunnel,https://github.com/alexrudy/supertunnel,4c64e2fedda3382b809a2c3d01c711ec4961f933,supertunnel/ssh/continuous_test.py::test_ssh_log_line[Host example.com not responding-Action.DISCONNECTED],TRUE,FALSE,brittle,FALSE,FALSE
supertunnel,https://github.com/alexrudy/supertunnel,4c64e2fedda3382b809a2c3d01c711ec4961f933,supertunnel/ssh/continuous_test.py::test_ssh_log_line[debug1: Reading configuration-Action.CONTINUE],TRUE,FALSE,brittle,FALSE,FALSE
todo-sync,https://github.com/tmurph/todo-sync,32915e9a1509aa2c4083613e256cb0d502c441aa,tests/test_org_to_asana.py::test_o2a_behind_make_fn[a_node0-expected_node0],TRUE,TRUE,brittle,TRUE,
todo-sync,https://github.com/tmurph/todo-sync,32915e9a1509aa2c4083613e256cb0d502c441aa,tests/test_org_to_asana.py::test_o2a_behind_make_fn[a_node1-expected_node1],TRUE,TRUE,brittle,TRUE,
todo-sync,https://github.com/tmurph/todo-sync,32915e9a1509aa2c4083613e256cb0d502c441aa,tests/test_org_to_asana.py::test_o2a_behind_make_fn[a_node10-expected_node10],TRUE,TRUE,brittle,TRUE,
todo-sync,https://github.com/tmurph/todo-sync,32915e9a1509aa2c4083613e256cb0d502c441aa,tests/test_org_to_asana.py::test_o2a_behind_make_fn[a_node2-expected_node2],TRUE,TRUE,brittle,TRUE,
todo-sync,https://github.com/tmurph/todo-sync,32915e9a1509aa2c4083613e256cb0d502c441aa,tests/test_org_to_asana.py::test_o2a_behind_make_fn[a_node3-expected_node3],TRUE,TRUE,brittle,TRUE,
todo-sync,https://github.com/tmurph/todo-sync,32915e9a1509aa2c4083613e256cb0d502c441aa,tests/test_org_to_asana.py::test_o2a_behind_make_fn[a_node4-expected_node4],TRUE,TRUE,brittle,TRUE,
todo-sync,https://github.com/tmurph/todo-sync,32915e9a1509aa2c4083613e256cb0d502c441aa,tests/test_org_to_asana.py::test_o2a_behind_make_fn[a_node5-expected_node5],TRUE,TRUE,brittle,TRUE,
todo-sync,https://github.com/tmurph/todo-sync,32915e9a1509aa2c4083613e256cb0d502c441aa,tests/test_org_to_asana.py::test_o2a_behind_make_fn[a_node6-expected_node6],TRUE,TRUE,brittle,TRUE,
todo-sync,https://github.com/tmurph/todo-sync,32915e9a1509aa2c4083613e256cb0d502c441aa,tests/test_org_to_asana.py::test_o2a_behind_make_fn[a_node7-expected_node7],TRUE,TRUE,brittle,TRUE,
todo-sync,https://github.com/tmurph/todo-sync,32915e9a1509aa2c4083613e256cb0d502c441aa,tests/test_org_to_asana.py::test_o2a_behind_make_fn[a_node8-expected_node8],TRUE,TRUE,brittle,TRUE,
todo-sync,https://github.com/tmurph/todo-sync,32915e9a1509aa2c4083613e256cb0d502c441aa,tests/test_org_to_asana.py::test_o2a_behind_make_fn[a_node9-expected_node9],TRUE,TRUE,brittle,TRUE,
tokendito,https://github.com/dowjones/tokendito,f5d8e5171ddcca0c62925263ddb80535f51aded3,tests/functional_test.py::test_version[runnable2],TRUE,TRUE,NOD,FALSE,
torchpwl,https://github.com/PiotrDabkowski/torchpwl,73b09cfa9f4c173988d8f075485b887c694fc5a8,torchpwl/pwl_test.py::test_pwl_default_init_response[7-3-MonoPointPWL],TRUE,TRUE,victim,TRUE,TRUE
torchpwl,https://github.com/PiotrDabkowski/torchpwl,73b09cfa9f4c173988d8f075485b887c694fc5a8,torchpwl/pwl_test.py::test_pwl_is_continous[1-3-PointPWL],FALSE,FALSE,passed,FALSE,FALSE
torchpwl,https://github.com/PiotrDabkowski/torchpwl,73b09cfa9f4c173988d8f075485b887c694fc5a8,torchpwl/pwl_test.py::test_pwl_is_continous[2-3-PointPWL],TRUE,FALSE,victim,FALSE,FALSE
torchpwl,https://github.com/PiotrDabkowski/torchpwl,73b09cfa9f4c173988d8f075485b887c694fc5a8,torchpwl/pwl_test.py::test_pwl_is_continous[3-3-PointPWL],FALSE,FALSE,passed,FALSE,FALSE
torchpwl,https://github.com/PiotrDabkowski/torchpwl,73b09cfa9f4c173988d8f075485b887c694fc5a8,torchpwl/pwl_test.py::test_pwl_is_continous[4-1-PointPWL],TRUE,FALSE,victim,FALSE,FALSE
torchpwl,https://github.com/PiotrDabkowski/torchpwl,73b09cfa9f4c173988d8f075485b887c694fc5a8,torchpwl/pwl_test.py::test_pwl_is_continous[4-3-SlopedPWL],FALSE,FALSE,passed,FALSE,FALSE
Utter-More,https://github.com/crumpstrr33/Utter-More,418cf5f5ef337700bf0897e746eff8bb275e6da6,test/test_utter_more.py::test_saving_utterances[alexa_test-csv-None],TRUE,FALSE,brittle,TRUE,
Utter-More,https://github.com/crumpstrr33/Utter-More,418cf5f5ef337700bf0897e746eff8bb275e6da6,test/test_utter_more.py::test_saving_utterances[csv_test-csv-None],TRUE,FALSE,brittle,TRUE,
Utter-More,https://github.com/crumpstrr33/Utter-More,418cf5f5ef337700bf0897e746eff8bb275e6da6,test/test_utter_more.py::test_saving_utterances[file_override_test-txt-csv],TRUE,FALSE,brittle,TRUE,
Utter-More,https://github.com/crumpstrr33/Utter-More,418cf5f5ef337700bf0897e746eff8bb275e6da6,test/test_utter_more.py::test_saving_utterances[txt_test-txt-None],TRUE,FALSE,brittle,TRUE,
wkr.py,https://github.com/wroberts/wkr.py,dbb3c1742c10bfaf697fa276d2cc8885e144ab43,tests/test_io.py::test_lines_read[latin-1],FALSE,FALSE,passed,FALSE,FALSE
wkr.py,https://github.com/wroberts/wkr.py,dbb3c1742c10bfaf697fa276d2cc8885e144ab43,tests/test_io.py::test_lines_read[utf-16],FALSE,FALSE,passed,FALSE,FALSE
wkr.py,https://github.com/wroberts/wkr.py,dbb3c1742c10bfaf697fa276d2cc8885e144ab43,tests/test_io.py::test_lines_read[utf-16be],FALSE,FALSE,passed,FALSE,FALSE
wkr.py,https://github.com/wroberts/wkr.py,dbb3c1742c10bfaf697fa276d2cc8885e144ab43,tests/test_io.py::test_lines_read[utf-32],FALSE,FALSE,passed,FALSE,FALSE
wkr.py,https://github.com/wroberts/wkr.py,dbb3c1742c10bfaf697fa276d2cc8885e144ab43,tests/test_io.py::test_lines_read[utf-32be],FALSE,FALSE,passed,FALSE,FALSE
wkr.py,https://github.com/wroberts/wkr.py,dbb3c1742c10bfaf697fa276d2cc8885e144ab43,tests/test_io.py::test_lines_read[utf-32le],FALSE,FALSE,passed,FALSE,FALSE
wkr.py,https://github.com/wroberts/wkr.py,dbb3c1742c10bfaf697fa276d2cc8885e144ab43,tests/test_io.py::test_lines_read[utf-8],FALSE,FALSE,passed,FALSE,FALSE
wkr.py,https://github.com/wroberts/wkr.py,dbb3c1742c10bfaf697fa276d2cc8885e144ab43,tests/test_io.py::test_read_compressed_file[compressed_file0],FALSE,FALSE,passed,FALSE,FALSE
wkr.py,https://github.com/wroberts/wkr.py,dbb3c1742c10bfaf697fa276d2cc8885e144ab43,tests/test_io.py::test_read_compressed_file[compressed_file1],FALSE,FALSE,passed,FALSE,FALSE
wkr.py,https://github.com/wroberts/wkr.py,dbb3c1742c10bfaf697fa276d2cc8885e144ab43,tests/test_io.py::test_read_compressed_file[compressed_file2],FALSE,FALSE,passed,FALSE,FALSE
wkr.py,https://github.com/wroberts/wkr.py,dbb3c1742c10bfaf697fa276d2cc8885e144ab43,tests/test_io.py::test_write_compressed_file[compressed_file0],FALSE,FALSE,passed,FALSE,FALSE
wkr.py,https://github.com/wroberts/wkr.py,dbb3c1742c10bfaf697fa276d2cc8885e144ab43,tests/test_io.py::test_write_compressed_file[compressed_file1],FALSE,FALSE,passed,FALSE,FALSE
wkr.py,https://github.com/wroberts/wkr.py,dbb3c1742c10bfaf697fa276d2cc8885e144ab43,tests/test_io.py::test_write_compressed_file[compressed_file2],FALSE,FALSE,passed,FALSE,FALSE
wkr.py,https://github.com/wroberts/wkr.py,dbb3c1742c10bfaf697fa276d2cc8885e144ab43,tests/test_os.py::test_temp_file_name[random],FALSE,FALSE,passed,FALSE,FALSE
yapconf,https://github.com/loganasherjones/yapconf,f685ed6a6f532a8f836deb205fc2509e9422329b,tests/spec_test.py::test_watchers[label1],FALSE,FALSE,passed,FALSE,FALSE
yapconf,https://github.com/loganasherjones/yapconf,f685ed6a6f532a8f836deb205fc2509e9422329b,tests/spec_test.py::test_watchers[label2],FALSE,FALSE,passed,FALSE,FALSE
plcx,https://github.com/efe/zula,6328eb9c0e18debaaa769b7ac0d05a4a472f4746,plcx/tests/comm/test_server.py::test_serverx_error[raise_handler-AttributeError],TRUE,TRUE,victim,TRUE,TRUE
plcx,https://github.com/efe/zula,6328eb9c0e18debaaa769b7ac0d05a4a472f4746,plcx/tests/comm/test_server.py::test_serverx_error[not_arg_handler-TypeError],TRUE,TRUE,victim,TRUE,TRUE
torchpwl,https://github.com/efe/zula,6328eb9c0e18debaaa769b7ac0d05a4a472f4746,torchpwl/pwl_test.py::test_pwl_default_init_response[7-1-MonoPointPWL],TRUE,FALSE,victim,FALSE,FALSE
torchpwl,https://github.com/efe/zula,6328eb9c0e18debaaa769b7ac0d05a4a472f4746,torchpwl/pwl_test.py::test_pwl_is_continous[3-1-PointPWL],TRUE,TRUE,victim,TRUE,TRUE
torchpwl,https://github.com/efe/zula,6328eb9c0e18debaaa769b7ac0d05a4a472f4746,torchpwl/pwl_test.py::test_pwl_is_continous[4-3-PointPWL],TRUE,FALSE,victim,FALSE,FALSE